fecha,reservas,tc_mayorista,tc_minorista,badlar,tasa_adelanto_cc,base_monetaria,depositos,creditos,m2_privado,prestamos_priv,inflacion_mensual,inflacion_interanual,rem_inflacion,tasa_pases_terceros,tamar,compras_usd_bcra,depositos_usd,m2_transaccional,cer,prestamos_usd
2024-04-23,29899.0,915.4,872.75,61.0,73.91,13306320.0,7750545.0,762424.0,152.5,20309555.0,,,,61.259,,125.9,17278.0,21490389.177,345.34181208142,5620.0
2024-04-24,30023.0,915.35,873.25,61.25,73.02,13344121.0,7793143.0,768751.0,152.0,20512489.0,,,,61.629,,109.3359,17301.0,21746092.119,346.5452332454,5673.0
2024-04-25,30096.0,916.05,873.75,56.5,67.73,13540291.0,7842724.0,792175.0,151.2,20623561.0,,,,53.334,,57.2875,17193.0,21695657.77,347.75284800092,5623.0
2024-04-26,30141.0,918.36,874.75,50.6875,66.42,13672428.0,7884780.0,834875.0,150.1,20759280.0,,,,48.568,,59.6,17209.0,22228768.929,348.96467096148,5745.0
2024-04-27,,,,,,,,,148.9,,,,,,,,,,350.18071679152,
2024-04-28,,,,,,,,,147.4,,,,,,,,,,351.40100020657,
2024-04-29,29869.0,915.62,876.42,50.8125,65.54,14034425.0,7969549.0,858864.0,146.2,21114129.0,,,,49.01,,-92.2416,17271.0,23196055.276,352.62553597345,5764.0
2024-04-30,27578.0,920.57,876.75,50.8125,64.14,14969070.0,8000682.0,937433.0,145.9,21244958.0,8.8,289.4,88.0,45.101,,191.839,17293.0,24834859.416,353.85433891045,5826.0
2024-05-01,,,,,,,,,145.5,,,,,,,,,,355.08742388746,
2024-05-02,28200.0,918.05,878.25,47.875,59.28,13245377.0,8103574.0,901311.0,145.4,21574230.0,,,,44.453,,162.85,17313.0,25213589.066,356.32480582624,5885.0
2024-05-03,28381.0,921.34,878.75,40.9375,55.45,13375995.0,8190380.0,862595.0,145.5,21644255.0,,,,38.64,,144.0289,17291.0,25677616.036,357.56649970049,5943.0
2024-05-04,,,,,,,,,145.6,,,,,,,,,,358.81252053613,
2024-05-05,,,,,,,,,145.8,,,,,,,,,,360.06288341144,
2024-05-06,27688.0,923.56,880.25,40.3125,54.36,13533488.0,8250520.0,853562.0,146.0,21677277.0,,,,37.916,,64.8734,17304.0,25603799.353,361.31760345721,5900.0
2024-05-07,27791.0,922.38,880.75,40.4375,53.17,13474015.0,8272517.0,898038.0,146.2,21532931.0,,,,38.583,,219.39,17308.0,25681895.637,362.576695857,5941.0
2024-05-08,27967.0,923.05,881.75,39.75,53.01,13946583.0,8349843.0,943060.0,146.6,21403937.0,,,,38.519,,231.1012,17325.0,25489716.035,363.84017584726,5968.0
2024-05-09,28037.0,924.06,882.25,40.125,52.82,13888653.0,8366891.0,926403.0,147.4,21409914.0,,,,38.169,,59.0158,17334.0,25386792.734,365.10805871752,5955.0
2024-05-10,28361.0,922.24,882.75,39.375,52.24,13971064.0,8452273.0,896335.0,148.0,21522698.0,,,,39.248,,226.7655,17355.0,24930993.888,366.38035981061,6049.0
2024-05-11,,,,,,,,,148.7,,,,,,,,,,367.65709452283,
2024-05-12,,,,,,,,,149.0,,,,,,,,,,368.93827830412,
2024-05-13,28325.0,922.93,884.25,39.75,51.97,14005521.0,8509041.0,887891.0,149.2,21228242.0,,,,39.018,,101.8,17393.0,24677875.978,370.22392665825,6081.0
2024-05-14,28368.0,926.01,885.25,39.1875,51.81,14125646.0,8524450.0,895584.0,149.5,21425573.0,,,,39.556,,141.69,17396.0,24814032.698,371.51405514304,6146.0
2024-05-15,28271.0,928.68,885.75,32.5,46.41,15938665.0,8570262.0,870339.0,149.9,21563674.0,,,,25.995,,105.0966,17399.0,25389996.018,372.80867937051,6175.0
2024-05-16,28576.0,928.45,886.25,32.0625,44.02,15817730.0,8601361.0,861812.0,150.7,21583752.0,,,,27.198,,262.9745,17387.0,24495703.896,373.8243543492,6233.0
2024-05-17,28801.0,927.58,886.75,31.1875,42.93,15826106.0,8655136.0,814752.0,151.5,21920767.0,,,,29.431,,138.58,17464.0,24814400.476,374.84279641921,6250.0
2024-05-18,,,,,,,,,152.3,,,,,,,,,,375.86401311918,
2024-05-19,,,,,,,,,153.4,,,,,,,,,,376.88801200826,
2024-05-20,28899.0,927.13,888.75,31.9375,42.33,18070534.0,8683405.0,786826.0,154.5,22285513.0,,,,28.387,,125.59,17453.0,24856431.186,377.91480066622,6287.0
2024-05-21,29062.0,927.39,889.25,31.875,42.62,15122360.0,8749209.0,870215.0,155.3,22365968.0,,,,28.911,,188.5637,17518.0,24582116.093,378.94438669345,6322.0
2024-05-22,29081.0,929.52,889.75,31.5625,43.03,14565256.0,8802945.0,889844.0,155.9,22638526.0,,,,30.045,,58.5171,17552.0,24860782.885,379.97677771109,6347.0
2024-05-23,29005.0,929.26,890.25,30.625,41.96,14674456.0,8836480.0,964896.0,156.6,22795450.0,,,,30.592,,58.7496,17550.0,24917540.028,381.01198136101,6354.0
2024-05-24,29116.0,931.78,890.75,32.1875,43.32,14959700.0,8890649.0,977536.0,157.3,23018197.0,,,,31.183,,117.0178,17566.0,25131359.234,382.0500053059,6364.0
2024-05-25,,,,,,,,,157.9,,,,,,,,,,383.09085722934,
2024-05-26,,,,,,,,,158.6,,,,,,,,,,384.13454483583,
2024-05-27,29157.0,933.75,892.75,31.625,43.89,15234098.0,8967894.0,1016043.0,159.5,23308513.0,,,,30.916,,-11.0,17578.0,25530859.94,385.18107585088,6380.0
2024-05-28,29186.0,933.13,893.25,31.6875,44.7,15478305.0,8983682.0,1050638.0,160.8,23673838.0,,,,31.108,,55.6279,17635.0,25570845.854,386.23045802102,6430.0
2024-05-29,29191.0,933.36,893.75,32.375,44.59,15568957.0,9044486.0,1040309.0,161.9,23870048.0,,,,30.791,,94.43,17656.0,26252299.435,387.28269911391,6428.0
2024-05-30,29066.0,934.62,894.25,32.125,45.49,15927363.0,9056570.0,1119424.0,162.6,24099652.0,,,,31.765,,37.9376,17651.0,27156907.97,388.33780691836,6440.0
2024-05-31,28664.0,933.76,895.25,33.375,44.28,17151691.0,9156246.0,1091737.0,163.3,24302262.0,4.2,276.4,68.9,29.852,,-52.0,17723.0,28404009.339,389.3957892444,6381.0
2024-06-01,,,,,,,,,163.5,,,,,,,,,,390.45665392333,
2024-06-02,,,,,,,,,163.4,,,,,,,,,,391.5204088078,
2024-06-03,29134.0,937.66,896.42,32.0625,44.94,16701852.0,9256325.0,1062869.0,163.2,24410118.0,,,,30.481,,0.0,17647.0,28616571.522,392.58706177184,6357.0
2024-06-04,29289.0,935.68,896.92,32.375,44.62,16642866.0,9285102.0,1105047.0,163.1,24611606.0,,,,30.757,,59.4049,17647.0,28519407.455,393.65662071095,6361.0
2024-06-05,29368.0,938.14,898.25,32.5625,45.13,16869531.0,9350747.0,1106537.0,163.1,24488377.0,,,,30.945,,48.1301,17658.0,29010089.449,394.72909354213,6359.0
2024-06-06,29415.0,936.71,898.5,32.875,44.87,17217862.0,9449825.0,1100588.0,163.3,24491152.0,,,,30.767,,-1.3775,17670.0,29487582.76,395.80448820394,6370.0
2024-06-07,29300.0,939.07,899.08,32.9375,44.87,17752098.0,9560702.0,1101111.0,163.3,24568346.0,,,,30.872,,20.0,17680.0,29052423.709,396.88281265658,6341.0
2024-06-08,,,,,,,,,163.2,,,,,,,,,,397.96407488194,
2024-06-09,,,,,,,,,163.3,,,,,,,,,,399.04828288363,
2024-06-10,29237.0,940.56,901.17,31.75,43.9,16935023.0,9686618.0,1108381.0,163.0,24464576.0,,,,31.394,,-27.1,17670.0,28556300.179,400.1354446871,6309.0
2024-06-11,29212.0,938.37,902.17,34.625,43.41,16686086.0,9747557.0,1164564.0,162.9,24944144.0,,,,31.71,,-9.0,17711.0,28488259.967,401.22556833965,6349.0
2024-06-12,29268.0,936.54,902.25,33.4375,44.07,17472890.0,9851923.0,1247517.0,163.3,24764111.0,,,,30.006,,-30.9812,17705.0,28734217.741,402.31866191049,6371.0
2024-06-13,29277.0,941.61,902.58,33.625,44.57,17191547.0,9952647.0,1310920.0,163.8,24867317.0,,,,30.317,,23.9674,17680.0,29227545.507,403.41473349083,6431.0
2024-06-14,29172.0,941.93,902.67,33.8125,45.43,19065154.0,10101568.0,1354020.0,164.3,25193116.0,,,,29.158,,136.5185,17584.0,29528235.151,404.51379119392,6444.0
2024-06-15,,,,,,,,,164.7,,,,,,,,,,405.61584315511,
2024-06-16,,,,,,,,,165.2,,,,,,,,,,406.17248555815,
2024-06-17,,,,,,,,,165.8,,,,,,,,,,406.72989186322,
2024-06-18,29959.0,943.66,905.42,32.625,45.64,18289123.0,10333656.0,1399744.0,166.3,25645666.0,,,,33.285,,-121.4813,17665.0,29742420.154,407.28806311865,6435.0
2024-06-19,29946.0,944.93,906.0,34.5,44.58,18775335.0,10477814.0,1407973.0,166.9,26148010.0,,,,35.439,,81.5372,17699.0,29886642.163,407.8470003742,6429.0
2024-06-20,,,,,,,,,167.7,,,,,,,,,,408.4067046811,
2024-06-21,,,,,,,,,168.5,,,,,,,,,,408.967177092,
2024-06-22,,,,,,,,,169.2,,,,,,,,,,409.52841866099,
2024-06-23,,,,,,,,,169.8,,,,,,,,,,410.09043044363,
2024-06-24,29716.0,947.74,909.08,33.375,43.37,17940751.0,10625142.0,1373643.0,170.5,26707636.0,,,,35.703,,-155.78,17731.0,30312804.035,410.6532134969,6428.0
2024-06-25,29783.0,948.55,909.67,35.1875,44.06,18190643.0,10658379.0,1402261.0,171.2,26937776.0,,,,36.926,,46.8396,17767.0,30669925.937,411.21676887925,6466.0
2024-06-26,29886.0,947.21,910.75,32.875,43.58,18585703.0,10802063.0,1343113.0,172.1,27533195.0,,,,38.88,,43.0,17798.0,31343863.94,411.78109765057,6477.0
2024-06-27,29747.0,948.68,911.58,33.5625,43.57,18604975.0,10932967.0,1346999.0,173.1,28211967.0,,,,37.147,,-75.8219,17841.0,32695389.151,412.34620087223,6418.0
2024-06-28,29022.0,950.42,911.75,36.0625,43.66,20182490.0,11139207.0,1261432.0,174.4,28528747.0,,,,39.882,,-84.5,17861.0,35112975.507,412.91207960703,6428.0
2024-06-29,,,,,,,,,175.4,,,,,,,,,,413.47873491923,
2024-06-30,,,,,,,,,176.0,,4.6,271.5,63.3,,,,,,414.04616787456,
2024-07-01,29615.0,953.75,914.5,34.1875,44.11,24291397.0,11329424.0,1228882.0,177.0,28800411.0,,,,35.245,,-38.0,17852.0,35044937.221,414.61437954021,6446.0
2024-07-02,29646.0,953.98,915.17,36.5,44.22,21904556.0,11447987.0,1251320.0,178.0,28549795.0,,,,36.127,,49.5418,17869.0,34281691.796,415.18337098484,6502.0
2024-07-03,29812.0,954.1,915.67,34.9375,42.87,22080397.0,11527438.0,1301373.0,179.2,28447729.0,,,,36.555,,2.0211,17831.0,34764221.359,415.75314327857,6446.0
2024-07-04,29819.0,951.95,915.92,33.875,43.15,21878622.0,11643262.0,1330304.0,180.4,28590936.0,,,,34.593,,4.8514,17851.0,35416157.934,416.32369749299,6456.0
2024-07-05,29950.0,956.02,918.25,36.0,44.41,22097660.0,11784686.0,1328814.0,181.3,28566245.0,,,,35.59,,21.6773,17820.0,34963649.525,416.89503470115,6451.0
2024-07-06,,,,,,,,,182.0,,,,,,,,,,417.46715597759,
2024-07-07,,,,,,,,,182.9,,,,,,,,,,418.04006239832,
2024-07-08,28348.0,958.36,918.92,35.8125,45.12,22136705.0,11985022.0,1279047.0,183.7,28186363.0,,,,34.514,,-6.0,17802.0,34290055.227,418.61375504082,6427.0
2024-07-09,,,,,,,,,184.3,,,,,,,,,,419.18823498406,
2024-07-10,28098.0,957.91,919.83,34.25,44.62,21518400.0,12061478.0,1310525.0,185.3,28488675.0,,,,33.958,,40.9,18116.0,34201840.902,419.76350330847,6477.0
2024-07-11,28235.0,956.91,920.5,35.5625,46.71,21286017.0,12109453.0,1346127.0,186.2,28690987.0,,,,34.254,,20.0401,18232.0,33742420.706,420.33956109599,6461.0
2024-07-12,28282.0,959.99,921.75,37.0625,45.3,21714552.0,12197062.0,1300097.0,187.0,28970587.0,,,,34.6,,50.1424,18280.0,33791949.173,420.91640943002,6497.0
2024-07-13,,,,,,,,,187.6,,,,,,,,,,421.49404939546,
2024-07-14,,,,,,,,,188.2,,,,,,,,,,422.07248207871,
2024-07-15,28177.0,958.1,922.92,36.0625,45.48,21194530.0,12274713.0,1259664.0,188.7,29508276.0,,,,34.79,,42.5,18294.0,33611116.466,422.65170856763,6506.0
2024-07-16,27623.0,960.89,923.5,36.5,45.47,20795479.0,12316230.0,1256132.0,189.1,29862184.0,,,,34.09,,36.0,18323.0,33121105.966,423.26531710031,6497.0
2024-07-17,27583.0,961.92,923.83,37.5,45.66,21002697.0,12345290.0,1270683.0,189.5,30055340.0,,,,33.04,,-2.5,18380.0,32707923.584,423.8798164739,6509.0
2024-07-18,27607.0,962.11,924.75,37.875,45.92,21290590.0,12362658.0,1290387.0,189.8,30284868.0,,,,33.44,,30.1489,18432.0,32753753.161,424.49520798172,6527.0
2024-07-19,27565.0,963.13,926.75,37.875,46.43,21544835.0,12418949.0,1272744.0,190.2,30640511.0,,,,34.025,,-62.1873,18465.0,32566073.804,425.11149291899,6529.0
2024-07-20,,,,,,,,,190.6,,,,,,,,,,425.72867258278,
2024-07-21,,,,,,,,,191.0,,,,,,,,,,426.34674827208,
2024-07-22,27425.0,966.23,927.08,38.6875,46.73,21426061.0,12470557.0,1244750.0,191.4,31018619.0,,,,34.595,,-106.0,18480.0,32330980.977,426.96572128773,6579.0
2024-07-23,27437.0,964.39,927.33,40.4375,46.76,20887364.0,12453088.0,1288803.0,191.8,31265667.0,,,,35.48,,54.5203,18467.0,32272561.052,427.58559293247,6621.0
2024-07-24,27532.0,967.66,928.67,38.125,46.44,20526179.0,12476941.0,1277956.0,192.2,31670355.0,,,,35.767,,46.9594,18491.0,32586053.837,428.20636451095,6630.0
2024-07-25,27330.0,968.41,929.17,38.125,45.53,20411230.0,12486975.0,1317733.0,192.4,32090161.0,,,,36.347,,-0.8584,18475.0,32904395.321,428.8280373297,6617.0
2024-07-26,27311.0,969.05,931.58,38.1875,46.8,20657392.0,12520327.0,1299983.0,192.2,32281944.0,,,,37.4,,-42.9829,18463.0,32615948.446,429.45061269713,6637.0
2024-07-27,,,,,,,,,191.7,,,,,,,,,,430.07409192358,
2024-07-28,,,,,,,,,190.7,,,,,,,,,,430.69847632128,
2024-07-29,27132.0,970.8,931.75,37.6875,46.8,20918267.0,12571592.0,1296916.0,189.9,32471995.0,,,,37.989,,-91.5,18490.0,32813253.953,431.32376720436,6633.0
2024-07-30,26997.0,971.07,932.25,39.1875,46.94,21092762.0,12555862.0,1381171.0,189.7,33045175.0,,,,38.912,,-123.5,18486.0,33567430.95,431.94996588885,6655.0
2024-07-31,26402.0,970.88,932.75,37.5,48.11,21822977.0,12527671.0,1448299.0,189.1,33078702.0,4.0,263.4,53.7,39.385,,-63.5,18605.0,35467857.229,432.57707369272,6653.0
2024-08-01,27069.0,971.5,933.42,40.25,46.54,22775236.0,12537962.0,1483792.0,188.6,33440058.0,,,,38.517,,-80.5,18553.0,35490602.628,433.20509193583,6739.0
2024-08-02,27571.0,972.41,935.08,37.5,45.26,23293177.0,12608442.0,1451225.0,188.1,33670279.0,,,,41.574,,145.1674,18528.0,35410863.217,433.83402193995,6753.0
2024-08-03,,,,,,,,,187.3,,,,,,,,,,434.4638650288,
2024-08-04,,,,,,,,,186.7,,,,,,,,,,435.09462252799,
2024-08-05,28191.0,976.91,935.75,36.75,45.58,23753936.0,12674872.0,1424816.0,186.1,33579412.0,,,,40.277,,-24.5,18544.0,35131279.868,435.72629576506,6673.0
2024-08-06,27310.0,977.15,936.5,37.9375,45.95,23257516.0,12678088.0,1451380.0,185.3,33663318.0,,,,39.892,,-24.3,18528.0,35502718.092,436.3588860695,6682.0
2024-08-07,27231.0,977.44,937.08,38.375,45.66,23119138.0,12692257.0,1438995.0,184.8,33574600.0,,,,40.982,,16.5,18542.0,35240218.449,436.99239477271,6653.0
2024-08-08,27376.0,977.03,937.58,37.125,45.27,23210330.0,12728626.0,1418693.0,184.3,33570749.0,,,,41.667,,47.3856,18562.0,34783933.698,437.62682320803,6670.0
2024-08-09,27391.0,980.75,939.67,37.1875,45.7,22571306.0,12777169.0,1369689.0,183.6,33641949.0,,,,42.12,,43.3626,18589.0,34291640.112,438.26217271072,6617.0
2024-08-10,,,,,,,,,182.9,,,,,,,,,,438.898444618,
2024-08-11,,,,,,,,,182.3,,,,,,,,,,439.53564026903,
2024-08-12,27473.0,981.39,939.83,37.9375,46.26,22642444.0,12820865.0,1344558.0,181.5,33527279.0,,,,41.246,,3.0,18580.0,33460643.868,440.1737610049,6571.0
2024-08-13,27585.0,981.39,940.33,38.375,46.15,23200238.0,12799626.0,1370448.0,180.6,33588258.0,,,,41.044,,35.0124,18613.0,33311409.604,440.81280816865,6581.0
2024-08-14,27571.0,979.34,941.67,38.5,47.33,23124825.0,12772022.0,1396768.0,179.5,33667859.0,,,,39.663,,2.5,18608.0,33292510.012,441.45278310528,6582.0
2024-08-15,27419.0,980.77,942.0,38.5,47.29,22495286.0,12791992.0,1385420.0,178.6,33873425.0,,,,40.607,,33.0101,18668.0,33709450.018,442.09368716174,6608.0
2024-08-16,27541.0,982.5,944.0,39.4375,47.43,22476300.0,12778040.0,1414459.0,177.8,34131916.0,,,,41.255,,29.0,18682.0,32766357.224,442.6533711288,6619.0
2024-08-17,,,,,,,,,176.9,,,,,,,,,,443.21376364735,
2024-08-18,,,,,,,,,176.1,,,,,,,,,,443.77486561442,
2024-08-19,27512.0,983.01,944.33,38.375,46.36,22237326.0,12806803.0,1395176.0,175.3,34450846.0,,,,44.164,,0.74,18744.0,32588687.585,444.33667792815,6641.0
2024-08-20,27674.0,983.03,944.83,40.75,47.48,21879919.0,12766375.0,1423411.0,174.4,34744856.0,,,,42.676,,87.7185,18813.0,32571578.777,444.89920148782,6667.0
2024-08-21,27662.0,983.64,945.33,39.25,46.96,22093963.0,12731659.0,1445657.0,173.6,35143683.0,,,,41.763,,50.1222,18876.0,32609397.621,445.46243719388,6706.0
2024-08-22,27658.0,984.2,946.25,41.25,46.29,22030165.0,12730810.0,1456299.0,172.8,35262547.0,,,,41.795,,81.5,18921.0,32526950.947,446.02638594787,6735.0
2024-08-23,27845.0,986.05,948.17,39.125,46.14,21982842.0,12780230.0,1405525.0,172.0,35575599.0,,,,41.848,,11.0,19009.0,32496044.578,446.59104865252,6730.0
2024-08-24,,,,,,,,,171.2,,,,,,,,,,447.15642621167,
2024-08-25,,,,,,,,,170.7,,,,,,,,,,447.72251953032,
2024-08-26,27874.0,985.24,949.08,38.375,47.52,22009562.0,12819068.0,1394766.0,170.3,35971235.0,,,,41.899,,0.5081,19071.0,32654472.673,448.2893295146,6769.0
2024-08-27,27954.0,988.1,949.75,41.1875,47.76,22194539.0,12784898.0,1440726.0,170.2,36261018.0,,,,40.94,,0.0086,19127.0,32635707.762,448.85685707182,6799.0
2024-08-28,27861.0,988.63,950.08,38.8125,47.36,21277056.0,12803038.0,1458710.0,170.1,36526044.0,,,,41.874,,-75.4913,19147.0,33064954.477,449.42510311039,7119.0
2024-08-29,27767.0,988.06,950.67,39.4375,47.55,21965483.0,12797163.0,1530220.0,169.9,36984914.0,,,,40.853,,153.6,19259.0,33929779.518,449.99406853991,7126.0
2024-08-30,26719.0,991.42,952.83,40.125,47.72,21953008.0,12829632.0,1540447.0,170.0,37056122.0,,,,41.511,,0.09,19310.0,35808041.232,450.56375427112,7082.0
2024-08-31,,,,,,,,,169.6,,4.2,236.7,44.7,,,,,,451.13416121591,
2024-09-01,,,,,,,,,169.1,,,,,,,,,,451.70529028732,
2024-09-02,26651.0,990.79,952.75,37.375,47.78,23079618.0,12892370.0,1512149.0,168.8,37273959.0,,,,41.823,,-238.0,19506.0,35482954.259,452.27714239956,7055.0
2024-09-03,27377.0,991.12,954.17,39.4375,48.28,23395067.0,12890347.0,1541700.0,168.4,37439828.0,,,,41.599,,65.0,19665.0,35196411.612,452.84971846798,7094.0
2024-09-04,27354.0,990.97,954.5,37.75,47.92,23730050.0,12897383.0,1537065.0,168.4,37305999.0,,,,43.408,,-7.0,19821.0,35536842.229,453.4230194091,7080.0
2024-09-05,27436.0,991.8,954.92,38.125,47.68,23419488.0,12930373.0,1546518.0,168.4,37218370.0,,,,42.086,,-5.54,19977.0,36015560.119,453.9970461406,7116.0
2024-09-06,27464.0,990.31,957.17,38.0,48.08,23683427.0,13000109.0,1487218.0,168.0,37266570.0,,,,40.832,,91.6,20095.0,35392422.752,454.57179958132,7092.0
2024-09-07,,,,,,,,,167.6,,,,,,,,,,455.14728065126,
2024-09-08,,,,,,,,,167.4,,,,,,,,,,455.7234902716,
2024-09-09,27400.0,993.34,957.75,37.875,47.86,23392170.0,13098731.0,1408183.0,166.8,36969834.0,,,,41.069,,-1.0,20293.0,34680175.926,456.30042936466,7037.0
2024-09-10,27244.0,994.24,958.17,38.625,48.25,23025936.0,13089759.0,1422118.0,166.0,37396727.0,,,,40.501,,-164.9102,20576.0,34453351.392,456.87809885394,7089.0
2024-09-11,27219.0,993.41,958.92,39.3125,47.0,23265125.0,13102113.0,1411436.0,165.6,37337806.0,,,,41.925,,-30.5,20867.0,34409551.821,457.45649966412,7106.0
2024-09-12,27316.0,994.61,959.67,39.25,47.43,23319596.0,13105825.0,1454724.0,165.2,37478127.0,,,,42.307,,21.0,21243.0,34271873.439,458.03563272103,7139.0
2024-09-13,27420.0,995.57,961.75,38.625,47.05,23179778.0,13134470.0,1438757.0,165.2,37766346.0,,,,42.553,,-74.0,21532.0,33911567.925,458.6154989517,7150.0
2024-09-14,,,,,,,,,164.8,,,,,,,,,,459.1960992843,
2024-09-15,,,,,,,,,164.6,,,,,,,,,,459.77743464821,
2024-09-16,26940.0,995.73,962.08,39.125,47.41,22707600.0,13159168.0,1441441.0,164.2,38198908.0,,,,42.375,,-88.908,21921.0,33870513.642,460.40840511054,7182.0
2024-09-17,26909.0,995.63,962.42,39.25,47.51,22881995.0,13121853.0,1480323.0,163.6,38425947.0,,,,41.445,,11.0,22421.0,33411033.201,461.04024147819,7201.0
2024-09-18,27011.0,994.74,963.33,39.4375,47.38,23026646.0,13114094.0,1497127.0,163.1,38688139.0,,,,43.132,,69.85,22980.0,33380291.815,461.67294493947,7219.0
2024-09-19,27129.0,997.12,963.75,40.125,47.84,22298504.0,13069041.0,1566028.0,162.6,38970527.0,,,,42.525,,34.7,23735.0,33456011.7,462.30651668433,7227.0
2024-09-20,27264.0,1000.01,965.75,41.6875,47.7,22594386.0,13140971.0,1490628.0,162.2,39325638.0,,,,43.397,,33.591,24562.0,33411302.113,462.94095790434,7325.0
2024-09-21,,,,,,,,,161.6,,,,,,,,,,463.57626979272,
2024-09-22,,,,,,,,,161.0,,,,,,,,,,464.21245354433,
2024-09-23,27343.0,1000.26,966.33,40.0625,48.19,22393487.0,13175544.0,1481090.0,160.5,39848582.0,,,,42.289,,64.2,25664.0,33548279.547,464.84951035565,7359.0
2024-09-24,28241.0,1000.95,966.75,42.0,48.25,21840646.0,13151668.0,1513010.0,159.9,40260760.0,,,,42.965,,20.5041,27028.0,33579917.508,465.48744142482,7410.0
2024-09-25,28834.0,1003.09,967.92,39.625,47.66,22010348.0,13120841.0,1561327.0,159.2,40478187.0,,,,42.992,,191.04,28729.0,33993244.425,466.12624795162,7457.0
2024-09-26,29164.0,1003.64,968.75,40.625,48.33,21732127.0,13113710.0,1619208.0,158.6,41004450.0,,,,42.061,,-30.0,29914.0,34435395.516,466.76593113746,7512.0
2024-09-27,29174.0,1004.1,970.58,40.9375,48.89,21794164.0,13149966.0,1607238.0,157.9,41165344.0,,,,43.288,,-20.0,30836.0,35450814.6,467.40649218543,7526.0
2024-09-28,,,,,,,,,156.9,,,,,,,,,,468.04793230025,
2024-09-29,,,,,,,,,155.3,,,,,,,,,,468.6902526883,
2024-09-30,27172.0,1004.94,970.92,39.75,48.9,22396060.0,13209919.0,1593803.0,154.5,41346006.0,3.5,209.0,40.9,42.462,,74.5,31554.0,37437067.074,469.33345455761,7522.0
2024-10-01,28461.0,1005.53,971.25,42.0,51.65,23753981.0,13249740.0,1582156.0,153.8,41657322.0,,,,42.809,44.1875,116.5718,31236.0,36682974.631,469.97753911786,7565.0
2024-10-02,29138.0,1006.48,971.75,40.0625,48.53,24129288.0,13281760.0,1587421.0,152.9,41696936.0,,,,41.853,43.6875,122.1021,31169.0,36930997.318,470.62250758042,7582.0
2024-10-03,29231.0,1006.78,972.75,40.4375,48.08,24190411.0,13322851.0,1629036.0,152.1,41351301.0,,,,41.808,43.6875,105.5,30955.0,37119565.381,471.2683611583,7597.0
2024-10-04,28313.0,1006.75,974.83,39.8125,48.64,24159079.0,13411113.0,1592726.0,150.9,41297886.0,,,,41.016,43.375,110.2,30822.0,37659179.665,471.91510106616,7573.0
2024-10-05,,,,,,,,,149.6,,,,,,,,,,472.56272852037,
2024-10-06,,,,,,,,,148.5,,,,,,,,,,473.21124473892,
2024-10-07,28557.0,1008.7,975.5,39.0625,49.2,24006331.0,13528027.0,1515688.0,147.3,41308716.0,,,,41.604,42.8125,52.5,30694.0,36357674.999,473.86065094152,7550.0
2024-10-08,28388.0,1009.75,975.92,38.5,48.1,23956307.0,13552695.0,1548400.0,146.0,40822645.0,,,,40.954,40.75,0.8768,30527.0,36230394.103,474.51094834952,7630.0
2024-10-09,28346.0,1009.76,976.25,38.5625,47.84,23876709.0,13606172.0,1592044.0,145.0,40978388.0,,,,41.815,43.125,39.0,30425.0,36089133.172,475.16213818595,7654.0
2024-10-10,28632.0,1011.27,979.42,39.625,48.94,24964156.0,13648382.0,1597704.0,144.2,41422214.0,,,,42.026,44.25,120.0868,30490.0,35549902.806,475.81422167553,7749.0
2024-10-11,,,,,,,,,143.2,,,,,,,,,,476.46720004465,
2024-10-12,,,,,,,,,142.1,,,,,,,,,,477.12107452139,
2024-10-13,,,,,,,,,141.0,,,,,,,,,,477.77584633552,
2024-10-14,28702.0,1011.22,980.17,39.6875,50.28,23545508.0,13755449.0,1519931.0,139.8,42072080.0,,,,43.899,43.125,70.0,30449.0,35610369.95,478.43151671849,7772.0
2024-10-15,28271.0,1012.18,980.58,39.375,50.57,22743863.0,13720416.0,1561710.0,138.6,42235805.0,,,,43.146,40.6875,0.0,30435.0,35776853.944,479.08808690343,7786.0
2024-10-16,28294.0,1011.85,981.58,40.4375,49.01,22644832.0,13697196.0,1584586.0,137.5,42617313.0,,,,43.401,43.625,11.0992,30522.0,35556212.035,479.6200372888,7859.0
2024-10-17,28273.0,1012.92,981.75,40.625,50.12,22676812.0,13705616.0,1590423.0,136.4,42715229.0,,,,42.944,44.25,13.2295,30670.0,35157238.842,480.15257831965,7891.0
2024-10-18,28488.0,1014.42,983.83,40.25,50.24,22522901.0,13745431.0,1561274.0,135.1,42971625.0,,,,42.246,43.875,115.3,30808.0,34674765.511,480.6857106518,7949.0
2024-10-19,,,,,,,,,133.9,,,,,,,,,,481.21943494179,
2024-10-20,,,,,,,,,132.8,,,,,,,,,,481.75375184689,
2024-10-21,28314.0,1018.86,984.42,41.3125,51.1,22706815.0,13787209.0,1524320.0,131.7,43553240.0,,,,42.895,43.3125,0.5,30938.0,34437186.82,482.28866202511,8034.0
2024-10-22,28416.0,1015.3,984.83,42.3125,49.29,22914174.0,13745083.0,1570348.0,130.6,43760049.0,,,,43.082,44.25,23.1083,31117.0,34597231.457,482.82416613519,8104.0
2024-10-23,28511.0,1015.43,985.92,40.875,50.04,22775031.0,13741862.0,1585633.0,129.6,44042898.0,,,,43.015,44.125,173.5,31313.0,34630060.966,483.36026483658,8158.0
2024-10-24,29057.0,1015.68,986.33,42.375,50.07,22507691.0,13751936.0,1591435.0,128.9,44244004.0,,,,43.018,44.3125,40.0,31632.0,34566810.436,483.8969587895,8207.0
2024-10-25,29163.0,1018.2,988.33,41.0625,50.69,22685890.0,13791367.0,1570425.0,128.0,44424921.0,,,,43.178,44.0,55.3,31977.0,34668677.301,484.43424865486,8261.0
2024-10-26,,,,,,,,,127.1,,,,,,,,,,484.97213509433,
2024-10-27,,,,,,,,,126.1,,,,,,,,,,485.51061877032,
2024-10-28,29368.0,1018.83,988.83,40.3125,50.68,22202345.0,13796044.0,1610254.0,125.3,44937465.0,,,,42.285,43.625,36.8,32496.0,34885189.87,486.04970034596,8230.0
2024-10-29,29669.0,1019.74,989.25,42.5,50.68,22150936.0,13758349.0,1710968.0,125.0,45351383.0,,,,41.815,44.4375,70.3507,33321.0,35524252.626,486.58938048512,8312.0
2024-10-30,29863.0,1020.01,990.25,41.4375,50.69,22501007.0,13715018.0,1763951.0,124.3,45612329.0,,,,42.087,43.875,192.5,33948.0,36835286.715,487.1296598524,8369.0
2024-10-31,28618.0,1020.75,990.75,40.5625,53.44,22715300.0,13722960.0,1809113.0,123.8,45677956.0,2.7,193.0,35.0,42.227,42.125,157.8,34641.0,38913004.862,487.67053911317,8385.0
2024-11-01,29603.0,1022.75,992.75,37.5,47.18,25347133.0,13791079.0,1797105.0,123.5,46423107.0,,,,37.183,39.75,18.5,34390.0,38794650.266,488.21201893349,8542.0
2024-11-02,,,,,,,,,123.1,,,,,,,,,,488.7540999802,
2024-11-03,,,,,,,,,122.8,,,,,,,,,,489.29678292086,
2024-11-04,30182.0,1022.93,993.33,36.6875,45.58,26060126.0,13875047.0,1769408.0,122.4,46343107.0,,,,36.812,39.1875,51.9086,34174.0,38450241.81,489.84006842378,8470.0
2024-11-05,30432.0,1023.7,994.75,36.3125,45.04,26160894.0,13890521.0,1799230.0,122.0,46273728.0,,,,36.292,39.4375,29.77,34005.0,39185718.019,490.38395715801,8510.0
2024-11-06,,,,,,,,,121.8,,,,,,,,,,490.92844979334,
2024-11-07,29668.0,1026.6,995.33,35.0,47.29,26103201.0,13943811.0,1806399.0,121.8,46307463.0,,,,36.446,38.625,71.0,34098.0,38932769.787,491.47354700029,8479.0
2024-11-08,29838.0,1025.88,997.25,36.0,44.48,25776705.0,14053822.0,1726956.0,121.5,46030340.0,,,,36.675,39.0,193.82,34178.0,38413911.04,492.01924945016,8498.0
2024-11-09,,,,,,,,,121.4,,,,,,,,,,492.56555781497,
2024-11-10,,,,,,,,,121.4,,,,,,,,,,493.11247276749,
2024-11-11,29859.0,1026.73,997.75,35.5,45.15,25849707.0,14121613.0,1687879.0,121.4,45709336.0,,,,37.045,38.4375,129.2,33989.0,37337563.616,493.65999498124,8434.0
2024-11-12,29962.0,1028.0,998.75,36.375,43.85,25178421.0,14085185.0,1737541.0,121.3,45793887.0,,,,36.596,38.875,-0.4841,33807.0,37030842.604,494.20812513048,8508.0
2024-11-13,30023.0,1028.99,999.25,36.125,42.91,25164527.0,14120394.0,1732564.0,121.3,45922084.0,,,,36.601,38.75,82.5,33733.0,36890176.961,494.75686389022,8751.0
2024-11-14,30193.0,1029.18,999.75,35.6875,43.6,25053050.0,14169166.0,1755746.0,121.4,46117645.0,,,,37.643,38.9375,244.95,33581.0,37224224.005,495.30621193624,8805.0
2024-11-15,29878.0,1030.07,1002.75,35.8125,43.53,24895472.0,14234090.0,1749039.0,121.4,46314751.0,,,,37.014,38.625,133.22,33507.0,37196296.38,495.85616994505,8859.0
2024-11-16,,,,,,,,,121.4,,,,,,,,,,496.29671772812,
2024-11-17,,,,,,,,,121.5,,,,,,,,,,496.73765691976,
2024-11-18,,,,,,,,,121.6,,,,,,,,,,497.1789878677,
2024-11-19,30274.0,1030.84,1003.25,34.6875,43.97,23943879.0,14274539.0,1734916.0,121.5,46617964.0,,,,36.95,37.6875,148.96,33371.0,36849417.456,497.62071092002,8802.0
2024-11-20,30494.0,1031.66,1003.75,36.1875,43.74,23983132.0,14257455.0,1754827.0,121.4,46980755.0,,,,36.54,39.0,134.019,33272.0,36791506.776,498.06282642507,8886.0
2024-11-21,30845.0,1033.33,1004.75,36.875,43.16,23824206.0,14280562.0,1774483.0,121.5,47368936.0,,,,36.558,38.8125,50.83,33160.0,36659887.494,498.50533473153,8923.0
2024-11-22,30874.0,1034.98,1006.75,35.8125,42.82,24046457.0,14295176.0,1759480.0,121.4,47711766.0,,,,38.147,38.4375,15.0,33117.0,36433835.689,498.9482361884,8990.0
2024-11-23,,,,,,,,,121.3,,,,,,,,,,499.39153114498,
2024-11-24,,,,,,,,,121.4,,,,,,,,,,499.83521995086,
2024-11-25,30879.0,1037.08,1007.25,35.5,43.04,23330887.0,14352907.0,1730599.0,121.6,48149451.0,,,,38.166,38.4375,6.6,33019.0,36789776.519,500.27930295597,9019.0
2024-11-26,30928.0,1037.67,1007.75,37.3125,42.37,23317994.0,14341436.0,1776480.0,121.8,48452760.0,,,,37.777,38.4375,57.5172,32958.0,36747432.18,500.72378051054,9064.0
2024-11-27,31484.0,1036.96,1008.75,36.375,42.65,23369574.0,14376038.0,1770559.0,122.2,48520170.0,,,,38.48,38.8125,22.0,32768.0,37244698.192,501.16865296511,9137.0
2024-11-28,31637.0,1037.24,1009.25,37.0,42.99,23995936.0,14454261.0,1796913.0,122.8,48947383.0,,,,38.485,38.625,227.0,32629.0,38875381.813,501.61392067053,9187.0
2024-11-29,30214.0,1040.27,1011.75,36.5,42.44,23823912.0,14577702.0,1742492.0,123.7,49085721.0,,,,38.292,38.625,11.0,32575.0,40941531.355,502.05958397796,9239.0
2024-11-30,,,,,,,,,124.4,,2.4,166.0,29.4,,,,,,502.50564323889,
2024-12-01,,,,,,,,,124.7,,,,,,,,,,502.9520988051,
2024-12-02,31314.0,1041.73,1011.92,34.9375,42.52,25014750.0,14711717.0,1732196.0,125.0,49240810.0,,,,38.247,38.4375,-171.0,32598.0,40453897.456,503.3989510287,9221.0
2024-12-03,31240.0,1042.35,1013.17,36.9375,42.25,26447592.0,14770241.0,1756805.0,125.5,49393384.0,,,,38.307,38.8125,-51.5,32526.0,40556272.339,503.84620026208,9288.0
2024-12-04,31266.0,1042.18,1013.25,34.6875,42.17,26380776.0,14863240.0,1761535.0,126.2,49280740.0,,,,38.177,38.5,13.5,32237.0,41227357.35,504.29384685799,9364.0
2024-12-05,31534.0,1043.32,1013.83,35.375,42.04,26449915.0,14884101.0,1898726.0,126.7,49331628.0,,,,38.315,38.5625,171.1,32164.0,41469520.429,504.74189116946,9400.0
2024-12-06,31531.0,1044.61,1015.75,32.5625,40.63,26939894.0,14990325.0,1892007.0,127.1,49359473.0,,,,34.983,35.0,73.0,32075.0,40706205.469,505.19033354985,9483.0
2024-12-07,,,,,,,,,127.4,,,,,,,,,,505.63917435282,
2024-12-08,,,,,,,,,127.8,,,,,,,,,,506.08841393235,
2024-12-09,31512.0,1045.92,1016.75,31.875,40.03,27216853.0,15176335.0,1843649.0,128.0,48883438.0,,,,35.203,34.375,239.33,31949.0,40346840.733,506.53805264275,9535.0
2024-12-10,31619.0,1047.55,1017.25,32.6875,39.32,26867862.0,15247346.0,1897024.0,128.0,49396994.0,,,,35.161,34.875,162.85,31777.0,40015482.663,506.98809083863,9650.0
2024-12-11,31988.0,1047.12,1017.75,31.3125,39.4,27161741.0,15361221.0,1894257.0,128.6,49364322.0,,,,35.568,34.4375,164.8,31694.0,40458850.579,507.4385288749,9759.0
2024-12-12,31849.0,1048.68,1018.75,32.0625,38.35,27226652.0,15488061.0,1930172.0,129.4,49364500.0,,,,36.108,35.25,166.5,31617.0,40626367.895,507.88936710682,9840.0
2024-12-13,31937.0,1048.71,1020.75,32.0625,39.93,28040059.0,15689948.0,1931547.0,129.2,49558975.0,,,,35.726,34.5625,167.6251,31610.0,41397791.31,508.34060588993,9911.0
2024-12-14,,,,,,,,,128.7,,,,,,,,,,508.79224558012,
2024-12-15,,,,,,,,,128.0,,,,,,,,,,509.24428653357,
2024-12-16,31744.0,1049.93,1021.25,31.9375,38.44,28000252.0,15931906.0,1947469.0,127.5,50107024.0,,,,35.374,34.375,34.0,31565.0,41417340.007,509.63403255931,9948.0
2024-12-17,32257.0,1049.58,1021.83,32.5,38.71,27719282.0,16084890.0,1975918.0,127.2,50598773.0,,,,35.045,34.3125,7.57,31494.0,42609824.663,510.02407687404,10072.0
2024-12-18,32255.0,1050.56,1022.75,32.375,38.48,27711731.0,16324154.0,2031878.0,126.8,50993669.0,,,,35.13,34.5,151.4,31428.0,44050228.705,510.41441970606,10136.0
2024-12-19,32243.0,1051.66,1023.25,31.6875,38.81,27743826.0,16545324.0,2095545.0,126.4,51399431.0,,,,35.058,34.125,32.0,31490.0,44824549.029,510.80506128383,10189.0
2024-12-20,32864.0,1054.27,1025.42,32.875,37.88,28395764.0,16904647.0,2073147.0,126.1,51787756.0,,,,35.011,34.875,217.15,31508.0,45693109.432,511.19600183599,10269.0
2024-12-21,,,,,,,,,125.4,,,,,,,,,,511.58724159137,
2024-12-22,,,,,,,,,124.5,,,,,,,,,,511.97878077895,
2024-12-23,32688.0,1055.07,1027.75,32.0,38.17,28371966.0,17268563.0,2077289.0,123.6,52386550.0,,,,35.269,34.3125,124.7,31484.0,46145511.68,512.37061962791,10555.0
2024-12-24,,,,,,,,,122.5,,,,,,,,,,512.76275836758,
2024-12-25,,,,,,,,,121.4,,,,,,,,,,513.15519722749,
2024-12-26,32413.0,1055.82,1029.0,31.9375,38.09,27902229.0,17466211.0,2224670.0,120.3,53432841.0,,,,35.089,34.3125,-179.3683,31460.0,46964842.714,513.54793643733,10639.0
2024-12-27,31524.0,1057.97,1030.5,32.875,39.23,28148247.0,17554613.0,2309338.0,118.8,53962514.0,,,,35.385,34.4375,-598.5,31440.0,47472230.184,513.94097622696,10711.0
2024-12-28,,,,,,,,,117.1,,,,,,,,,,514.33431682645,
2024-12-29,,,,,,,,,114.6,,,,,,,,,,514.72795846601,
2024-12-30,29640.0,1060.28,1032.5,31.9375,39.0,29728575.0,17783458.0,2204817.0,112.6,53991758.0,,,,35.727,34.25,-25.4,31444.0,49255355.798,515.12190137603,10829.0
2024-12-31,,,,,,,,,110.8,,2.7,117.8,25.9,,,,,,515.5161457871,
2025-01-01,,,,,,,,,109.1,,,,,,,,,,515.91069192996,
2025-01-02,31706.0,1061.83,1032.75,31.625,39.58,30977989.0,17752251.0,2301781.0,107.4,54023458.0,,,,35.661,34.3125,31.5,31552.0,48765096.041,516.30554003554,10856.0
2025-01-03,32774.0,1062.8,1034.75,32.0625,38.12,31660480.0,17746869.0,2317838.0,105.7,53520112.0,,,,35.878,34.5,171.8774,31486.0,48262431.62,516.70069033495,10837.0
2025-01-04,,,,,,,,,104.0,,,,,,,,,,517.09614305947,
2025-01-05,,,,,,,,,102.5,,,,,,,,,,517.49189844056,
2025-01-06,32805.0,1064.95,1035.75,32.75,38.18,31269417.0,17747042.0,2319077.0,100.9,53223270.0,,,,35.681,34.75,26.45,31404.0,47041621.424,517.88795670985,10644.0
2025-01-07,32903.0,1068.57,1036.25,32.375,38.35,31025360.0,17711449.0,2328814.0,99.3,52678534.0,,,,35.392,34.8125,107.0,31424.0,47228254.385,518.28431809916,10913.0
2025-01-08,31176.0,1065.62,1036.75,31.0,37.88,31138876.0,17735121.0,2273812.0,97.9,52666644.0,,,,36.011,33.9375,33.0,31429.0,46430013.055,518.68098284047,10981.0
2025-01-09,30904.0,1065.68,1037.75,31.3125,37.96,30687325.0,17796193.0,2191782.0,96.6,52822334.0,,,,35.517,34.1875,137.0,31990.0,46118039.769,519.07795116596,11045.0
2025-01-10,31038.0,1066.34,1039.75,31.1875,37.88,30414752.0,17860698.0,2101467.0,95.0,53053407.0,,,,35.803,34.1875,234.1,31931.0,45681358.724,519.47522330797,11146.0
2025-01-11,,,,,,,,,93.4,,,,,,,,,,519.87279949902,
2025-01-12,,,,,,,,,92.3,,,,,,,,,,520.27067997182,
2025-01-13,30835.0,1067.44,1040.25,31.625,37.97,29988673.0,17921382.0,2022503.0,91.2,53404927.0,,,,38.217,34.25,167.0,31951.0,44908079.327,520.66886495924,11304.0
2025-01-14,30704.0,1068.04,1041.25,32.625,37.84,29244363.0,17876668.0,2045020.0,90.4,53533787.0,,,,38.35,34.5625,174.0,31925.0,45025657.102,521.06735469435,11406.0
2025-01-15,30624.0,1068.86,1041.75,31.6875,38.54,30122644.0,17901371.0,2015852.0,89.5,53718541.0,,,,37.672,32.875,167.5,31895.0,45853149.058,521.46614941037,11505.0
2025-01-16,30707.0,1069.69,1042.25,30.6875,38.39,30188706.0,17871599.0,2027797.0,88.5,53762240.0,,,,35.87,33.1875,79.2,31860.0,45171259.93,521.91449898254,11695.0
2025-01-17,30518.0,1069.88,1044.5,31.25,38.59,30146444.0,17901189.0,2002528.0,87.5,53884766.0,,,,36.71,32.5625,132.0,31702.0,44781155.692,522.36323403963,11805.0
2025-01-18,,,,,,,,,86.6,,,,,,,,,,522.81235491308,
2025-01-19,,,,,,,,,85.7,,,,,,,,,,523.26186193461,
2025-01-20,30593.0,1071.0,1045.25,30.875,38.78,29983683.0,17940271.0,1966433.0,85.0,54155574.0,,,,36.377,32.8125,88.0,31622.0,44341994.109,523.71175543622,11916.0
2025-01-21,30282.0,1071.71,1045.92,31.625,38.69,29894816.0,17897904.0,1990905.0,84.4,54538728.0,,,,36.355,33.1875,-0.0611,31569.0,43857508.764,524.1620357502,12036.0
2025-01-22,30140.0,1072.14,1047.25,31.3125,38.16,30090521.0,17902408.0,1963353.0,83.7,54723400.0,,,,36.365,33.1875,-35.0,31512.0,43974462.871,524.61270320914,12110.0
2025-01-23,29838.0,1074.87,1047.67,31.3125,39.09,30058865.0,17912812.0,1945711.0,83.0,55019464.0,,,,36.127,33.3125,-82.0,31389.0,43646668.643,525.06375814588,12169.0
2025-01-24,29970.0,1075.78,1049.58,32.625,38.96,30008838.0,17939808.0,1955133.0,82.3,55409064.0,,,,36.299,33.9375,0.0,31427.0,43738927.877,525.51520089359,12312.0
2025-01-25,,,,,,,,,81.8,,,,,,,,,,525.96703178569,
2025-01-26,,,,,,,,,81.2,,,,,,,,,,526.41925115591,
2025-01-27,29834.0,1076.41,1050.5,30.4375,38.68,30451680.0,17978430.0,1968806.0,80.9,55950159.0,,,,36.714,32.75,-3.5,31520.0,44204862.503,526.87185933825,12391.0
2025-01-28,29802.0,1077.91,1050.92,32.25,38.58,29616605.0,17975655.0,1990353.0,80.8,56408108.0,,,,35.636,33.875,36.0,31431.0,44224105.241,527.324856667,12556.0
2025-01-29,29648.0,1078.21,1051.58,31.5625,38.95,29196847.0,17967462.0,2016479.0,80.6,56490634.0,,,,35.801,33.8125,103.0,31301.0,44694976.844,527.77824347677,12617.0
2025-01-30,29429.0,1078.38,1052.5,31.4375,41.58,28999198.0,17968309.0,2077842.0,80.2,56858206.0,,,,35.527,33.5,-18.0,31258.0,45709831.753,528.2320201024,12684.0
2025-01-31,28310.0,1079.63,1053.5,29.3125,37.89,30246597.0,18006483.0,2112024.0,80.0,56436784.0,2.2,84.5,21.9,32.076,30.625,67.5,31209.0,47379049.92,528.68618687907,12693.0
2025-02-01,,,,,,,,,80.0,,,,,,,,,,529.14074414221,
2025-02-02,,,,,,,,,80.1,,,,,,,,,,529.59569222757,
2025-02-03,29453.0,1080.65,1053.92,28.5,37.02,31194889.0,18084662.0,2063330.0,80.1,56880064.0,,,,31.782,30.4375,162.5,31098.0,47392269.222,530.05103147116,12661.0
2025-02-04,29427.0,1082.36,1054.25,29.5,36.57,31793497.0,18055839.0,2111202.0,80.2,56960702.0,,,,31.482,30.6875,17.0,31089.0,47046155.355,530.5067622093,12697.0
2025-02-05,29354.0,1084.27,1054.71,29.6875,37.01,30901745.0,18019607.0,2147845.0,80.3,56671971.0,,,,31.045,30.8125,9.0,30994.0,47120119.021,530.9628847786,12664.0
2025-02-06,28743.0,1084.69,1054.88,29.4375,36.48,31034691.0,18035016.0,2162850.0,80.4,56319809.0,,,,30.92,30.625,86.5,30853.0,47738777.683,531.41939951593,12866.0
2025-02-07,28889.0,1085.27,1055.92,28.75,35.98,31310198.0,18064923.0,2123521.0,80.3,56304827.0,,,,31.157,30.5,326.3,30777.0,46104037.177,531.87630675849,12873.0
2025-02-08,,,,,,,,,80.3,,,,,,,,,,532.33360684374,
2025-02-09,,,,,,,,,80.3,,,,,,,,,,532.79130010945,
2025-02-10,28938.0,1086.08,1056.38,28.5,36.36,30993421.0,18129055.0,2069792.0,80.2,55738867.0,,,,31.432,30.4375,139.5,30652.0,44762208.029,533.24938689366,12830.0
2025-02-11,28898.0,1086.08,1056.63,29.1875,35.59,30640926.0,18072562.0,2104686.0,80.0,56031039.0,,,,31.383,30.375,73.19,30693.0,44563399.97,533.70786753472,12890.0
2025-02-12,28925.0,1086.4,1056.88,28.625,35.54,30436865.0,18056884.0,2102566.0,80.0,56080703.0,,,,31.446,30.1875,169.4,30592.0,44675894.546,534.16674237126,12955.0
2025-02-13,28894.0,1086.55,1057.46,28.125,35.58,30533195.0,18064346.0,2089015.0,79.9,56064606.0,,,,31.405,30.25,-0.12,30540.0,43813974.005,534.6260117422,13028.0
2025-02-14,28801.0,1087.85,1058.5,29.0625,35.49,30388719.0,18099821.0,2053802.0,80.0,56208514.0,,,,30.908,30.1875,3.5,30532.0,44364803.032,535.08567598676,13074.0
2025-02-15,,,,,,,,,80.2,,,,,,,,,,535.54573544445,
2025-02-16,,,,,,,,,80.6,,,,,,,,,,535.96212130597,
2025-02-17,28747.0,1088.19,1059.08,28.4375,35.61,29278470.0,18133507.0,2044572.0,80.7,56571106.0,,,,30.366,30.3125,37.0,30549.0,44070611.094,536.37883090675,13144.0
2025-02-18,28405.0,1088.4,1059.17,28.0,35.88,29264005.0,18086539.0,2077942.0,80.8,56959578.0,,,,30.407,30.125,-15.0,30482.0,44058249.547,536.79586449851,13308.0
2025-02-19,28362.0,1087.19,1059.38,27.875,35.56,28991665.0,18072691.0,2081746.0,81.1,57166906.0,,,,30.093,29.9375,171.0,30574.0,44057000.14,537.21322233315,13342.0
2025-02-20,28578.0,1088.45,1059.88,27.5,35.73,29063451.0,18091561.0,2069756.0,81.3,57556361.0,,,,29.455,28.25,147.06,30576.0,44180693.502,537.63090466277,13410.0
2025-02-21,28495.0,1089.07,1060.88,28.125,35.45,29449494.0,18134268.0,2049692.0,81.5,58025823.0,,,,28.75,29.4375,83.0,30582.0,44062504.214,538.04891173966,13525.0
2025-02-22,,,,,,,,,81.8,,,,,,,,,,538.46724381632,
2025-02-23,,,,,,,,,82.1,,,,,,,,,,538.88590114542,
2025-02-24,28603.0,1089.28,1061.13,27.9375,36.18,29282430.0,18186959.0,2042226.0,82.4,58354548.0,,,,28.643,29.0625,120.0,30449.0,43830120.898,539.30488397986,13749.0
2025-02-25,28685.0,1089.89,1061.63,28.5625,35.58,29229656.0,18161967.0,2151485.0,82.7,58734047.0,,,,29.622,29.0625,129.0,30319.0,43916551.023,539.7241925727,13592.0
2025-02-26,28714.0,1090.03,1061.88,27.5625,35.8,29103728.0,18168988.0,2215756.0,83.0,58853526.0,,,,29.009,29.375,156.15,30266.0,44718214.077,540.14382717724,13882.0
2025-02-27,28586.0,1091.89,1062.38,28.0,35.15,30179493.0,18223470.0,2360898.0,83.2,59563732.0,,,,29.882,29.5625,110.5,30141.0,46475149.168,540.56378804694,13922.0
2025-02-28,28117.0,1093.18,1064.38,28.1875,35.05,30282166.0,18351321.0,2350327.0,83.6,59492407.0,2.4,66.9,22.2,30.009,29.625,22.8,30352.0,48781319.892,540.98407543547,13916.0
2025-03-01,,,,,,,,,83.7,,,,,,,,,,541.4046895967,
2025-03-02,,,,,,,,,83.8,,,,,,,,,,541.8256307847,
2025-03-03,,,,,,,,,83.7,,,,,,,,,,542.24689925373,
2025-03-04,,,,,,,,,83.5,,,,,,,,,,542.66849525824,
2025-03-05,27991.0,1093.8,1064.38,27.75,34.87,30759385.0,18471174.0,2308896.0,83.3,59734957.0,,,,31.423,29.5625,-349.5,30139.0,48135143.128,543.09041905291,13958.0
2025-03-06,28181.0,1091.44,1064.63,28.875,35.14,31125291.0,18422395.0,2398176.0,83.0,60019034.0,,,,30.726,29.8125,245.2,30052.0,48342370.475,543.51267089257,14003.0
2025-03-07,28090.0,1095.52,1066.04,28.8125,34.8,30856427.0,18428063.0,2362702.0,82.7,59535056.0,,,,30.482,29.875,168.5,30007.0,48348228.734,543.9352510323,13917.0
2025-03-08,,,,,,,,,82.6,,,,,,,,,,544.35815972734,
2025-03-09,,,,,,,,,82.7,,,,,,,,,,544.78139723313,
2025-03-10,27732.0,1096.33,1066.33,28.4375,35.02,30146018.0,18465808.0,2303764.0,82.4,59073930.0,,,,31.331,29.875,-223.5,29866.0,46582422.614,545.20496380534,13701.0
2025-03-11,27687.0,1096.43,1066.67,29.0,34.97,30475141.0,18356687.0,2381292.0,82.2,59526639.0,,,,31.87,29.9375,36.0,29819.0,46033437.384,545.62885969981,13800.0
2025-03-12,27960.0,1098.18,1066.88,28.9375,36.12,30493322.0,18337331.0,2375238.0,82.3,59481603.0,,,,31.428,30.125,268.3166,29712.0,45865271.451,546.05308517259,13860.0
2025-03-13,28104.0,1097.8,1067.13,28.875,35.2,30051710.0,18358090.0,2333282.0,82.5,59367801.0,,,,31.66,30.1875,79.75,29662.0,46144803.268,546.47764047992,13925.0
2025-03-14,28091.0,1098.57,1068.54,29.25,35.12,30562264.0,18452094.0,2209376.0,82.8,59581139.0,,,,31.29,30.625,50.3,29631.0,46154533.624,546.90252587825,13975.0
2025-03-15,,,,,,,,,83.2,,,,,,,,,,547.32774162423,
2025-03-16,,,,,,,,,83.4,,,,,,,,,,547.74663451654,
2025-03-17,27338.0,1098.97,1068.92,29.25,35.32,30215667.0,18514476.0,2154397.0,83.4,59769649.0,,,,31.448,30.8125,-473.63,29604.0,45438707.744,548.16584800515,14097.0
2025-03-18,27208.0,1099.34,1069.13,30.25,35.53,29885056.0,18513955.0,2142607.0,83.4,60157673.0,,,,31.776,31.0625,-56.0,29588.0,45460947.72,548.58538233545,14197.0
2025-03-19,27046.0,1099.52,1069.63,30.3125,36.08,29992603.0,18591679.0,2095105.0,83.5,60636775.0,,,,31.784,31.375,-214.5759,29608.0,45750566.502,549.00523775297,14257.0
2025-03-20,26785.0,1099.04,1069.83,30.5625,35.96,29715005.0,18620156.0,2144822.0,83.6,60990307.0,,,,31.889,31.625,-186.3,29653.0,45680818.131,549.42541450347,14295.0
2025-03-21,26628.0,1099.78,1071.33,30.1875,37.04,30157532.0,18713316.0,2101620.0,83.7,61503446.0,,,,31.86,31.5,-77.0,29625.0,45881315.473,549.84591283287,14311.0
2025-03-22,,,,,,,,,83.9,,,,,,,,,,550.26673298729,
2025-03-23,,,,,,,,,84.1,,,,,,,,,,550.68787521304,
2025-03-24,,,,,,,,,84.2,,,,,,,,,,551.10933975661,
2025-03-25,26442.0,1101.19,1071.58,29.625,36.22,30148778.0,18810164.0,2069290.0,84.4,61781859.0,,,,31.8,31.3125,-195.5,29552.0,46103027.998,551.53112686468,14291.0
2025-03-26,26251.0,1101.97,1072.08,30.4375,35.9,29851367.0,18807882.0,2092506.0,84.5,62619222.0,,,,31.88,31.875,-108.8766,29525.0,46505241.702,551.95323678413,14365.0
2025-03-27,26223.0,1102.76,1072.29,30.5,35.59,30090914.0,18844892.0,2159868.0,84.5,63192560.0,,,,31.85,31.6875,-48.1,29461.0,46839500.161,552.37566976201,14395.0
2025-03-28,25777.0,1103.52,1073.38,29.875,35.74,29892870.0,18937820.0,2129059.0,84.2,63697156.0,,,,32.19,31.875,-83.5,29364.0,47962559.473,552.79842604558,14454.0
2025-03-29,,,,,,,,,84.0,,,,,,,,,,553.22150588228,
2025-03-30,,,,,,,,,83.7,,,,,,,,,,553.64490951974,
2025-03-31,24986.0,1103.73,1073.88,30.1875,36.04,30534180.0,19027605.0,2158162.0,84.0,63920933.0,3.7,55.9,24.5,32.13,32.0625,-191.8,29352.0,50399793.558,554.06863720577,14339.0
2025-04-01,25450.0,1104.01,1074.54,31.0625,36.09,33924898.0,19014900.0,2280388.0,84.3,64427156.0,,,,32.36,32.625,-142.8,29401.0,50025987.041,554.49268918839,14391.0
2025-04-02,,,,,,,,,84.6,,,,,,,,,,554.91706571578,
2025-04-03,25305.0,1104.6,1074.83,31.0625,37.05,34468529.0,19089319.0,2287890.0,84.7,64019917.0,,,,32.27,32.9375,52.9,29297.0,49206105.253,555.34176703634,14324.0
2025-04-04,25148.0,1103.13,1075.88,30.0625,36.95,33767969.0,19115625.0,2312123.0,84.8,63942854.0,,,,32.36,32.4375,-10.0,29271.0,49530185.809,555.76679339864,14271.0
2025-04-05,,,,,,,,,85.0,,,,,,,,,,556.19214505146,
2025-04-06,,,,,,,,,85.2,,,,,,,,,,556.61782224376,
2025-04-07,24838.0,1105.83,1076.33,31.375,37.91,34275343.0,19213973.0,2254462.0,85.3,63692280.0,,,,32.56,33.25,-31.4,29201.0,49337656.324,557.04382522467,14244.0
2025-04-08,24677.0,1106.36,1076.58,31.8125,37.33,34496121.0,19181625.0,2359278.0,85.3,63543583.0,,,,32.7,32.8125,-35.0,29119.0,48597774.632,557.47015424354,14173.0
2025-04-09,24780.0,1105.57,1077.13,30.625,38.17,34124828.0,19236461.0,2351958.0,85.5,63802510.0,,,,32.66,32.875,-60.0,29120.0,48587053.939,557.89680954991,14198.0
2025-04-10,24773.0,1106.43,1077.38,32.0625,38.49,34413497.0,19290672.0,2297475.0,85.9,64163841.0,,,,33.08,33.875,-165.0,29155.0,48404060.49,558.32379139349,14197.0
2025-04-11,24704.0,1107.96,1078.38,32.125,44.47,36723827.0,19382142.0,2228145.0,86.4,64459313.0,,,,40.53,34.1875,-62.17,29047.0,48282632.393,558.75110002419,14194.0
2025-04-12,,,,,,,,,86.8,,,,,,,,,,559.17873569212,
2025-04-13,,,,,,,,,87.0,,,,,,,,,,559.60669864758,
2025-04-14,24221.0,1233.36,1182.42,36.25,53.91,34015295.0,19382755.0,2338527.0,87.3,64648232.0,,,,48.13,39.1875,-398.0,29488.0,48074692.613,560.03498914105,14122.0
2025-04-15,36777.0,1233.99,1200.83,35.625,52.55,33925628.0,19300026.0,2517409.0,87.8,65137974.0,,,,44.21,36.5,0.0,29638.0,48094155.875,560.46360742321,14192.0
2025-04-16,38616.0,1179.47,1172.83,37.25,53.6,33430894.0,19275555.0,2549903.0,88.5,65259295.0,,,,37.34,39.125,0.0,29942.0,46989402.386,561.14277606968,14188.0
2025-04-17,,,,,,,,,89.2,,,,,,,,,,561.82276773131,
2025-04-18,,,,,,,,,89.9,,,,,,,,,,562.50358340544,
2025-04-19,,,,,,,,,90.5,,,,,,,,,,563.1852240906,
2025-04-20,,,,,,,,,91.1,,,,,,,,,,563.86769078655,
2025-04-21,38791.0,1114.83,1070.42,35.0,45.04,31540018.0,19189400.0,2618419.0,91.7,65738887.0,,,,32.98,36.5,0.0,29990.0,46587857.28,564.55098449423,14258.0
2025-04-22,38814.0,1125.54,1093.33,34.5,41.67,30535306.0,19064531.0,2679863.0,92.3,66378879.0,,,,31.86,35.6875,0.0,30126.0,46101504.74,565.23510621582,14307.0
2025-04-23,38631.0,1174.51,1122.5,34.625,39.95,30799765.0,19022261.0,2633781.0,92.7,66386048.0,,,,32.12,35.625,0.0,30109.0,45475868.696,565.9200569547,14348.0
2025-04-24,39079.0,1196.88,1176.42,33.5625,38.14,30917195.0,19029502.0,2571575.0,93.1,66820565.0,,,,31.5,35.0625,0.0,30204.0,45520427.554,566.60583771549,14372.0
2025-04-25,39168.0,1193.62,1174.17,33.625,38.24,31494771.0,19071537.0,2487112.0,93.5,67096555.0,,,,31.56,34.875,0.0,30207.0,45634291.123,567.29244950398,14416.0
2025-04-26,,,,,,,,,93.9,,,,,,,,,,567.97989332723,
2025-04-27,,,,,,,,,94.4,,,,,,,,,,568.66817019349,
2025-04-28,39291.0,1192.84,1163.17,33.0625,38.23,31123513.0,19123641.0,2463018.0,95.1,67644158.0,,,,29.79,34.8125,0.0,30183.0,47022597.258,569.35728111224,14447.0
2025-04-29,39091.0,1194.45,1170.67,33.25,39.3,31591655.0,19105933.0,2546653.0,96.0,68152123.0,,,,29.74,34.0625,0.0,30228.0,48548333.287,570.04722709419,14560.0
2025-04-30,38928.0,1193.88,1172.0,33.0,39.08,32698982.0,19232461.0,2460516.0,96.6,68111367.0,2.8,47.3,26.3,30.47,34.625,0.0,30366.0,51151683.522,570.73800915125,14510.0
2025-05-01,,,,,,,,,96.7,,,,,,,,,,571.42962829659,
2025-05-02,,,,,,,,,96.9,,,,,,,,,,572.12208554459,
2025-05-03,,,,,,,,,97.0,,,,,,,,,,572.81538191086,
2025-05-04,,,,,,,,,97.0,,,,,,,,,,573.50951841224,
2025-05-05,38976.0,1216.47,1178.5,32.1875,38.11,36854734.0,19290277.0,2455712.0,96.8,68852896.0,,,,29.01,33.4375,0.0,30310.0,50598736.384,574.2044960668,14525.0
2025-05-06,38542.0,1220.45,1203.83,33.625,38.22,36649451.0,19250536.0,2490922.0,96.6,68682293.0,,,,29.56,35.3125,0.0,30293.0,50059603.371,574.90031589386,14557.0
2025-05-07,38258.0,1152.76,1153.5,33.125,38.04,36874854.0,19205579.0,2497511.0,96.4,68242844.0,,,,30.64,34.8125,0.0,30382.0,50539310.593,575.59697891395,14606.0
2025-05-08,38035.0,1138.07,1117.5,33.3125,37.81,36551345.0,19226074.0,2466295.0,96.3,68090393.0,,,,30.76,34.5,0.0,30425.0,49901869.095,576.29448614885,14678.0
2025-05-09,38123.0,1166.96,1113.58,32.4375,37.03,37372925.0,19260132.0,2402639.0,96.0,67923644.0,,,,30.08,34.25,0.0,30727.0,48799759.5,576.99283862159,14675.0
2025-05-10,,,,,,,,,95.5,,,,,,,,,,577.69203735641,
2025-05-11,,,,,,,,,95.1,,,,,,,,,,578.39208337883,
2025-05-12,38079.0,1155.43,1126.0,32.25,36.92,34430644.0,19323467.0,2339811.0,94.5,67620863.0,,,,30.55,33.8125,0.0,30560.0,47622448.888,579.09297771557,14753.0
2025-05-13,38651.0,1150.3,1125.67,33.5625,36.85,34281998.0,19234594.0,2384663.0,93.9,67850470.0,,,,30.07,34.875,0.0,30600.0,47085491.957,579.79472139463,14964.0
2025-05-14,38565.0,1153.47,1129.83,32.8125,36.73,34207517.0,19197158.0,2378479.0,93.2,67708173.0,,,,30.79,34.5,0.0,30693.0,47070895.466,580.49731544524,15005.0
2025-05-15,38346.0,1155.2,1135.5,33.375,36.52,33994625.0,19189307.0,2352387.0,92.3,68050665.0,,,,31.61,34.5625,0.0,30591.0,47331467.259,581.20076089787,15089.0
2025-05-16,38338.0,1167.84,1146.17,31.8125,36.63,33931781.0,19212695.0,2296217.0,91.3,68308721.0,,,,31.53,32.0625,0.0,30607.0,46641548.658,581.71873209015,15130.0
2025-05-17,,,,,,,,,90.3,,,,,,,,,,582.23716490287,
2025-05-18,,,,,,,,,89.3,,,,,,,,,,582.75605974744,
2025-05-19,38300.0,1157.77,1134.25,33.5625,36.86,33277257.0,19212304.0,2304915.0,88.2,68660321.0,,,,30.89,34.6875,0.0,30637.0,46272394.919,583.27541703563,15193.0
2025-05-20,38267.0,1162.22,1142.0,33.75,36.64,32822015.0,19161213.0,2319793.0,87.1,69079214.0,,,,30.72,34.6875,0.0,30682.0,45991893.839,583.79523717957,15256.0
2025-05-21,38176.0,1166.64,1145.0,32.25,36.77,32498752.0,19159168.0,2272435.0,86.1,69289360.0,,,,30.83,34.125,0.0,30651.0,46122077.497,584.31552059176,15263.0
2025-05-22,38097.0,1161.91,1143.58,32.5625,36.58,32886199.0,19177583.0,2233272.0,85.2,69653836.0,,,,30.89,34.0625,0.0,30727.0,46114923.925,584.83626768507,15396.0
2025-05-23,38428.0,1157.43,1137.0,33.5,36.73,33289989.0,19237371.0,2154193.0,84.4,69890190.0,,,,30.77,34.5625,0.0,30688.0,45977156.945,585.35747887273,15451.0
2025-05-24,,,,,,,,,83.6,,,,,,,,,,585.87915456836,
2025-05-25,,,,,,,,,82.8,,,,,,,,,,586.40129518592,
2025-05-26,38384.0,1163.94,1139.83,31.875,36.7,33019446.0,19256823.0,2172533.0,82.2,70452390.0,,,,30.746,33.6875,0.0,30647.0,46252950.278,586.92390113975,15448.0
2025-05-27,38381.0,1174.39,1148.0,33.0,36.49,33238432.0,19225700.0,2218969.0,81.7,70775454.0,,,,30.39,34.1875,0.0,30456.0,46650122.056,587.44697284458,15644.0
2025-05-28,38444.0,1180.0,1161.0,31.9375,36.45,33413949.0,19264607.0,2212032.0,81.1,71122160.0,,,,30.63,33.875,0.0,30460.0,47641172.807,587.97051071547,15688.0
2025-05-29,38366.0,1199.79,1174.5,32.3125,36.63,33286265.0,19333594.0,2201200.0,80.3,71511181.0,,,,30.4,34.0625,0.0,30394.0,48900090.485,588.49451516789,15680.0
2025-05-30,36919.0,1209.35,1195.33,31.8125,36.77,34940118.0,19414177.0,2151182.0,79.7,71559893.0,,,,31.63,33.1875,0.0,30404.0,51147551.335,589.01898661765,15634.0
2025-05-31,,,,,,,,,79.1,,1.5,43.5,20.9,,,,,,589.54392548094,
2025-06-01,,,,,,,,,78.4,,,,,,,,,,590.06933217433,
2025-06-02,37793.0,1199.85,1181.17,32.6875,37.13,36927413.0,19533083.0,2139107.0,77.8,71435692.0,,,,31.09,34.25,0.0,30411.0,50302142.099,590.59520711476,15531.0
2025-06-03,37767.0,1203.75,1184.0,32.5,37.3,36423142.0,19548179.0,2183271.0,77.3,71777076.0,,,,31.07,34.4375,0.0,30287.0,50143754.2,591.12155071952,15472.0
2025-06-04,38818.0,1199.07,1184.33,31.4375,37.24,36636601.0,19563054.0,2199723.0,77.0,71329242.0,,,,31.51,33.0,0.0,30302.0,50671072.622,591.6483634063,15553.0
2025-06-05,38758.0,1206.55,1189.67,31.6875,37.54,36533114.0,19605684.0,2257812.0,76.7,71305465.0,,,,31.53,33.5625,0.0,30297.0,51353396.846,592.17564559314,15557.0
2025-06-06,38639.0,1205.86,1190.0,31.9375,36.92,36604803.0,19737278.0,2147921.0,76.2,70421540.0,,,,31.67,34.0625,0.0,30269.0,49832034.676,592.70339769847,15521.0
2025-06-07,,,,,,,,,75.7,,,,,,,,,,593.23162014109,
2025-06-08,,,,,,,,,75.2,,,,,,,,,,593.76031334016,
2025-06-09,38604.0,1201.33,1186.42,31.3125,37.55,36536164.0,19852150.0,2096357.0,74.6,70657907.0,,,,31.63,32.9375,0.0,30256.0,49555309.468,594.28947771522,15542.0
2025-06-10,38600.0,1202.12,1187.0,32.125,36.66,36212110.0,19879089.0,2110260.0,73.9,71002909.0,,,,31.7,34.0,0.0,30239.0,48964071.358,594.8191136862,15553.0
2025-06-11,38533.0,1200.23,1184.5,31.9375,35.99,36235936.0,19932543.0,2142600.0,73.4,70835362.0,,,,33.49,33.75,0.0,30238.0,49435847.152,595.34922167337,15691.0
2025-06-12,38506.0,1202.73,1185.5,32.1875,36.22,35385140.0,19968409.0,2234797.0,73.1,70906353.0,,,,32.27,33.8125,0.0,30299.0,49108213.486,595.87980209741,15719.0
2025-06-13,40465.0,1201.12,1187.67,31.875,36.05,35650056.0,20085074.0,2226774.0,72.5,71080726.0,,,,31.59,33.5625,0.0,30302.0,49170854.452,596.41085537936,15797.0
2025-06-14,,,,,,,,,72.0,,,,,,,,,,596.94238194063,
2025-06-15,,,,,,,,,71.5,,,,,,,,,,597.47438220301,
2025-06-16,,,,,,,,,70.9,,,,,,,,,,597.7709746128,
2025-06-17,40399.0,1189.61,1180.08,32.25,36.04,36061997.0,20209356.0,2289220.0,70.3,71621786.0,,,,32.03,33.9375,0.0,30335.0,49237224.726,598.0677142541,15791.0
2025-06-18,40153.0,1160.98,1151.0,31.9375,36.64,35924590.0,20258546.0,2362013.0,69.8,72118662.0,,,,33.08,32.375,0.0,30418.0,49636653.914,598.3646012,15926.0
2025-06-19,40182.0,1180.19,1156.17,33.0625,36.71,35393546.0,20253624.0,2398451.0,69.3,73345622.0,,,,32.54,34.0625,0.0,30498.0,49146668.391,598.66163552363,15980.0
2025-06-20,,,,,,,,,68.7,,,,,,,,,,598.95881729814,
2025-06-21,,,,,,,,,68.0,,,,,,,,,,599.25614659673,
2025-06-22,,,,,,,,,67.3,,,,,,,,,,599.55362349264,
2025-06-23,40894.0,1188.8,1167.33,32.0,37.49,35729694.0,20378743.0,2235032.0,66.7,73260547.0,,,,32.51,33.25,0.0,30464.0,49730646.724,599.85124805912,15934.0
2025-06-24,41212.0,1192.91,1176.0,32.9375,37.09,34844743.0,20377394.0,2223179.0,66.3,73775563.0,,,,32.56,34.25,0.0,30527.0,50203187.696,600.1490203695,16057.0
2025-06-25,41417.0,1203.44,1176.33,32.375,36.96,34821185.0,20475857.0,2160863.0,65.7,74088536.0,,,,32.68,34.0,0.0,30585.0,50616102.767,600.4469404971,16277.0
2025-06-26,41555.0,1209.78,1194.67,32.3125,37.44,34940528.0,20583833.0,2171816.0,65.3,74426142.0,,,,32.69,33.25,0.0,30618.0,52886535.995,600.7450085153,16262.0
2025-06-27,41460.0,1204.62,1189.83,32.5,37.27,35542364.0,20733410.0,2161255.0,64.9,74778243.0,,,,32.11,34.3125,0.0,30658.0,53939835.682,601.04322449753,16289.0
2025-06-28,,,,,,,,,64.2,,,,,,,,,,601.34158851723,
2025-06-29,,,,,,,,,63.1,,,,,,,,,,601.64010064788,
2025-06-30,39973.0,1217.87,1194.08,32.0,38.15,37175626.0,21037943.0,2036279.0,62.5,75908287.0,1.6,39.4,20.8,32.1,33.625,0.0,30846.0,57870174.056,601.93876096302,16217.0
2025-07-01,41686.0,1237.18,1203.0,32.6875,38.16,35577666.0,21103550.0,2095555.0,62.1,75422929.0,,,,29.61,34.1875,0.0,31006.0,56690839.267,602.23756953621,16262.0
2025-07-02,41658.0,1248.43,1231.33,32.4375,38.81,34406140.0,21179156.0,2116892.0,61.5,75130601.0,,,,29.53,34.1875,0.0,31025.0,56050753.372,602.53652644103,16244.0
2025-07-03,41738.0,1245.85,1226.92,32.4375,37.9,33418387.0,21264423.0,2174223.0,61.1,74564817.0,,,,30.86,34.0625,0.0,31108.0,56609711.504,602.83563175112,16406.0
2025-07-04,41747.0,1260.36,1239.83,31.6875,37.35,32748809.0,21351194.0,2200783.0,60.6,74599163.0,,,,30.44,33.75,0.0,31223.0,56847580.839,603.13488554016,16426.0
2025-07-05,,,,,,,,,59.9,,,,,,,,,,603.43428788185,
2025-07-06,,,,,,,,,59.5,,,,,,,,,,603.73383884993,
2025-07-07,41721.0,1282.47,1257.92,31.75,36.81,34372668.0,21539395.0,2130480.0,59.1,74365048.0,,,,31.05,33.625,0.0,31243.0,55528259.571,604.03353851818,16479.0
2025-07-08,39127.0,1276.79,1258.0,32.4375,36.47,33139576.0,21559655.0,2193789.0,58.7,74036074.0,,,,31.68,33.5,0.0,31341.0,55338261.556,604.33338696042,16464.0
2025-07-09,,,,,,,,,58.4,,,,,,,,,,604.63338425051,
2025-07-10,38721.0,1279.22,1261.17,31.3125,35.77,43014258.0,21671882.0,2136022.0,58.1,74248469.0,,,,23.46,32.8125,0.0,32173.0,54551736.68,604.93353046232,16539.0
2025-07-11,39060.0,1280.85,1261.58,30.4375,33.81,43032475.0,21677768.0,2156692.0,57.7,74494197.0,,,,17.76,31.125,0.0,32224.0,53973149.241,605.23382566979,16560.0
2025-07-12,,,,,,,,,57.3,,,,,,,,,,605.53426994688,
2025-07-13,,,,,,,,,57.0,,,,,,,,,,605.83486336759,
2025-07-14,39147.0,1291.23,1266.17,28.875,31.55,42051969.0,21721420.0,2132197.0,56.7,74922228.0,,,,17.99,29.1875,0.0,32468.0,53580553.918,606.13560600596,16507.0
2025-07-15,39061.0,1288.17,1277.0,28.75,34.56,38219612.0,21670631.0,2169884.0,56.4,75318031.0,,,,26.96,29.5,0.0,32640.0,53714345.53,606.43649793606,16550.0
2025-07-16,39554.0,1278.62,1259.92,30.0,37.67,38563168.0,21638427.0,2172305.0,56.1,75601321.0,,,,35.27,31.25,0.0,32617.0,52810758.228,606.74709932975,16569.0
2025-07-17,39836.0,1289.98,1266.25,30.1875,38.65,41459951.0,21603946.0,2181628.0,55.8,75755449.0,,,,33.69,32.375,0.0,32643.0,53029604.434,607.05785980561,16566.0
2025-07-18,40393.0,1307.33,1283.83,31.4375,40.52,37641717.0,21670450.0,2097441.0,55.3,76035718.0,,,,35.38,33.3125,0.0,32774.0,52811035.166,607.3687794451,16617.0
2025-07-19,,,,,,,,,55.0,,,,,,,,,,607.67985832974,
2025-07-20,,,,,,,,,54.7,,,,,,,,,,607.9910965411,
2025-07-21,40652.0,1298.51,1286.0,32.1875,54.11,38025450.0,21718644.0,2039015.0,54.4,76315376.0,,,,41.28,34.1875,0.0,32864.0,52600723.418,608.30249416078,16628.0
2025-07-22,40578.0,1278.32,1266.17,34.4375,86.32,38004625.0,21666786.0,2065459.0,54.0,76539926.0,,,,70.13,37.875,0.0,32954.0,52240705.099,608.61405127042,16767.0
2025-07-23,40358.0,1277.43,1259.67,34.625,70.37,38169300.0,21662694.0,2042461.0,53.7,76598228.0,,,,52.2,36.875,0.0,32923.0,52336098.713,608.9257679517,16843.0
2025-07-24,40432.0,1284.92,1262.0,34.6875,62.69,38149891.0,21665896.0,2030424.0,53.3,76847617.0,,,,43.95,37.0,0.0,32946.0,52879495.596,609.23764428637,16869.0
2025-07-25,40283.0,1300.14,1277.75,33.8125,57.56,37735031.0,21673176.0,2043865.0,53.0,77251417.0,,,,37.41,35.625,0.0,32809.0,52230075.178,609.54968035619,16985.0
2025-07-26,,,,,,,,,52.5,,,,,,,,,,609.86187624297,
2025-07-27,,,,,,,,,52.0,,,,,,,,,,610.17423202856,
2025-07-28,40146.0,1305.11,1287.33,33.1875,57.9,36820448.0,21704242.0,2021281.0,51.7,77691582.0,,,,43.78,35.25,0.0,32696.0,52611451.503,610.48674779486,16977.0
2025-07-29,41245.0,1305.05,1296.67,35.4375,61.6,38348980.0,21673191.0,2054782.0,51.8,77977310.0,,,,40.95,38.0,0.0,32557.0,52830854.197,610.79942362382,17076.0
2025-07-30,40765.0,1325.63,1294.17,35.3125,56.42,37296150.0,21662657.0,2076318.0,51.6,78390892.0,,,,34.45,39.125,0.0,32585.0,54103765.568,611.1122595974,17104.0
2025-07-31,38866.0,1385.56,1351.83,36.8125,57.2,40113368.0,21666896.0,2133336.0,51.5,78369227.0,1.9,36.6,21.1,40.7,40.25,0.0,32593.0,56532206.897,611.42525579763,17224.0
2025-08-01,41034.0,1375.79,1361.33,38.0,57.25,41407090.0,21718653.0,2115588.0,51.5,78679122.0,,,,42.74,41.75,0.0,32507.0,56842949.779,611.73841230658,17134.0
2025-08-02,,,,,,,,,51.3,,,,,,,,,,612.05172920636,
2025-08-03,,,,,,,,,51.2,,,,,,,,,,612.3652065791,
2025-08-04,43039.0,1372.68,1361.83,38.8125,56.28,42800555.0,21789309.0,2080488.0,51.0,78574458.0,,,,42.44,42.1875,0.0,32384.0,55283219.451,612.678844507,17030.0
2025-08-05,42720.0,1355.58,1351.17,39.375,55.78,42754510.0,21749559.0,2118828.0,50.8,78601561.0,,,,43.24,42.625,0.0,32089.0,55325106.742,612.99264307229,16997.0
2025-08-06,42143.0,1346.52,1333.67,38.1875,56.64,42697634.0,21755930.0,2128649.0,50.7,78198909.0,,,,44.67,41.75,0.0,32269.0,55599872.888,613.30660235725,17039.0
2025-08-07,41683.0,1339.62,1331.08,39.4375,62.72,42675620.0,21774411.0,2144019.0,50.6,77728468.0,,,,56.3,43.75,0.0,32296.0,55081022.049,613.62072244419,17034.0
2025-08-08,42116.0,1337.04,1329.42,40.75,68.99,42743195.0,21837764.0,2099811.0,50.2,77345381.0,,,,64.25,45.375,0.0,32281.0,53826659.218,613.93500341548,16961.0
2025-08-09,,,,,,,,,50.0,,,,,,,,,,614.24944535351,
2025-08-10,,,,,,,,,49.8,,,,,,,,,,614.56404834072,
2025-08-11,41991.0,1339.16,1330.5,41.875,76.05,42702784.0,21900693.0,2050634.0,49.5,77331266.0,,,,67.96,47.75,0.0,32338.0,52853683.644,614.8788124596,16963.0
2025-08-12,41991.0,1330.76,1321.5,45.9375,77.4,42659621.0,21833286.0,2129814.0,49.1,77874444.0,,,,64.48,49.75,0.0,32458.0,52133693.57,615.19373779268,17070.0
2025-08-13,42052.0,1328.23,1318.0,44.375,80.87,42643973.0,21829118.0,2161209.0,48.9,77763421.0,,,,67.18,49.9375,0.0,32446.0,51906469.889,615.50882442254,17141.0
2025-08-14,41908.0,1311.41,1308.33,46.6875,91.43,42615572.0,21823023.0,2148888.0,48.7,77521231.0,,,,79.32,52.5625,0.0,32341.0,51868256.679,615.82407243177,17244.0
2025-08-15,,,,,,,,,48.5,,,,,,,,,,616.13948190303,
2025-08-16,,,,,,,,,48.2,,,,,,,,,,616.51368664964,
2025-08-17,,,,,,,,,48.1,,,,,,,,,,616.88811866491,
2025-08-18,41757.0,1314.24,1298.83,49.6875,93.29,48555085.0,21782606.0,2178082.0,48.1,78018634.0,,,,65.79,56.5625,0.0,32396.0,51761402.828,617.26277808685,17292.0
2025-08-19,41705.0,1312.95,1292.33,54.125,89.71,44631142.0,21619735.0,2274632.0,48.0,78449626.0,,,,59.74,58.3125,0.0,32425.0,51344112.283,617.6376650536,17482.0
2025-08-20,41692.0,1317.84,1298.5,53.4375,74.32,42821346.0,21541784.0,2275416.0,47.9,78475257.0,,,,46.14,58.8125,0.0,32432.0,50740868.116,618.01277970334,17541.0
2025-08-21,41485.0,1329.78,1309.25,53.8125,82.28,43584582.0,21540022.0,2218876.0,47.7,78791266.0,,,,68.72,59.25,0.0,32380.0,50592936.926,618.38812217436,17584.0
2025-08-22,41505.0,1337.23,1321.58,53.125,86.94,44128287.0,21570228.0,2123241.0,47.5,79034584.0,,,,70.85,59.8125,0.0,32323.0,50248598.764,618.76369260502,17634.0
2025-08-23,,,,,,,,,47.4,,,,,,,,,,619.13949113376,
2025-08-24,,,,,,,,,47.2,,,,,,,,,,619.51551789913,
2025-08-25,41445.0,1367.98,1344.17,52.1875,86.37,44919842.0,21572290.0,2092282.0,47.0,79541239.0,,,,69.48,60.25,0.0,32203.0,50133603.563,619.89177303974,17684.0
2025-08-26,41184.0,1377.12,1352.33,58.375,86.78,44221777.0,21507814.0,2114639.0,46.8,79271016.0,,,,66.472,64.125,0.0,32220.0,49666069.924,620.26825669428,17830.0
2025-08-27,41255.0,1370.79,1359.42,55.375,83.84,44202019.0,21511987.0,2093009.0,46.6,79487958.0,,,,59.29,61.1875,0.0,32270.0,51061598.556,620.64496900154,17850.0
2025-08-28,40963.0,1349.44,1343.67,59.0625,81.46,44773011.0,21540647.0,2078720.0,46.3,79848233.0,,,,57.85,66.125,0.0,32267.0,51934592.644,621.0219101004,18001.0
2025-08-29,39986.0,1361.42,1323.83,58.0,77.72,44259863.0,21566752.0,2074081.0,46.2,79933179.0,,,,59.79,66.1875,0.0,32324.0,54295505.622,621.39908012981,18312.0
2025-08-30,,,,,,,,,45.8,,,,,,,,,,621.77647922879,
2025-08-31,,,,,,,,,45.5,,1.9,33.6,20.9,,,,,,622.15410753649,
2025-09-01,40026.0,1391.88,1371.17,58.1875,76.09,42598268.0,21608265.0,2083323.0,45.1,79711980.0,,,,57.77,67.0,0.0,32266.0,53411271.53,622.5319651921,18088.0
2025-09-02,40763.0,1378.91,1368.25,55.6875,73.64,41682352.0,21547279.0,2149510.0,44.7,79859137.0,,,,55.37,58.4375,0.0,32269.0,52803828.855,622.91005233492,18117.0
2025-09-03,40741.0,1377.09,1360.17,56.5625,70.61,41866271.0,21542437.0,2125404.0,44.4,79298849.0,,,,50.7,66.0,0.0,32278.0,53288409.593,623.28836910432,18127.0
2025-09-04,40378.0,1382.69,1362.33,57.1875,67.15,42171431.0,21546373.0,2102466.0,44.2,78883867.0,,,,49.66,65.9375,0.0,32332.0,54227491.308,623.66691563976,18084.0
2025-09-05,40531.0,1386.8,1365.42,55.25,66.25,41537947.0,21566151.0,2077319.0,43.7,78784920.0,,,,50.33,64.0625,0.0,32244.0,53237806.494,624.0456920808,18067.0
2025-09-06,,,,,,,,,43.3,,,,,,,,,,624.42469856705,
2025-09-07,,,,,,,,,43.1,,,,,,,,,,624.80393523823,
2025-09-08,40551.0,1435.17,1422.17,56.5,73.77,42234372.0,21649807.0,2002106.0,42.9,78514751.0,,,,61.77,63.5,0.0,32216.0,52670925.98,625.18340223415,18046.0
2025-09-09,40511.0,1432.85,1418.67,59.0,65.82,41377280.0,21601388.0,2030017.0,42.5,78398999.0,,,,44.82,64.9375,0.0,32272.0,51814468.704,625.56309969469,18103.0
2025-09-10,40404.0,1433.79,1419.92,53.625,59.81,41474053.0,21629343.0,1968302.0,42.3,78219939.0,,,,32.27,59.0,0.0,32262.0,51822208.154,625.94302775982,18068.0
2025-09-11,40365.0,1445.43,1427.58,50.9375,56.21,41149389.0,21645756.0,1950933.0,42.2,78176665.0,,,,33.08,52.5,0.0,32236.0,51697231.007,626.32318656959,18112.0
2025-09-12,40313.0,1467.42,1447.17,46.125,52.77,40989198.0,21659391.0,1930661.0,42.1,78296607.0,,,,36.52,47.6875,0.0,32354.0,50972387.014,626.70357626414,18106.0
2025-09-13,,,,,,,,,41.9,,,,,,,,,,627.08419698371,
2025-09-14,,,,,,,,,41.8,,,,,,,,,,627.46504886859,
2025-09-15,39848.0,1479.81,1462.0,44.625,50.53,42076972.0,21701084.0,1908576.0,41.7,78564423.0,,,,36.81,45.9375,0.0,32241.0,51308434.064,627.84613205919,18162.0
2025-09-16,39879.0,1482.02,1464.67,43.375,49.57,41347862.0,21638039.0,1955109.0,41.5,78791829.0,,,,35.34,43.6875,0.0,32239.0,50254006.352,628.24016117153,18257.0
2025-09-17,39781.0,1489.99,1471.42,43.25,48.79,40732354.0,21613395.0,1942929.0,41.3,78799156.0,,,,34.36,45.125,-42.0,32274.0,50406420.972,628.63443757208,18360.0
2025-09-18,39409.0,1509.37,1474.25,44.3125,49.34,41372282.0,21610410.0,1930171.0,41.2,79001165.0,,,,35.52,46.375,-389.9,32408.0,50500571.477,629.02896141602,18397.0
2025-09-19,39264.0,1523.75,1474.75,45.25,50.43,40711384.0,21620756.0,1912164.0,41.1,79235801.0,,,,38.21,47.5625,-678.25,32590.0,50439803.859,629.42373285866,18429.0
2025-09-20,,,,,,,,,41.0,,,,,,,,,,629.81875205538,
2025-09-21,,,,,,,,,41.0,,,,,,,,,,630.21401916166,
2025-09-22,39116.0,1438.3,1425.67,45.375,53.39,41976631.0,21659640.0,1887486.0,41.1,79625535.0,,,,44.85,48.1875,0.0,32545.0,50481007.937,630.6095343331,18480.0
2025-09-23,39177.0,1391.95,1354.17,46.4375,54.76,41199281.0,21573004.0,1958344.0,41.1,79959159.0,,,,47.34,48.8125,0.0,32678.0,50358553.92,631.00529772537,18528.0
2025-09-24,39032.0,1367.95,1343.33,43.5,51.66,41246514.0,21572564.0,1944680.0,41.0,80058168.0,,,,30.83,44.1875,0.0,32874.0,50633388.87,631.40130949426,18602.0
2025-09-25,39355.0,1354.03,1325.08,40.375,50.05,40742575.0,21572233.0,1960615.0,41.1,80216598.0,,,,30.6,41.625,0.0,33232.0,51170146.993,631.79756979564,18725.0
2025-09-26,41200.0,1364.73,1332.0,39.25,48.07,41204584.0,21565571.0,1982482.0,41.2,80358261.0,,,,30.33,41.0,0.0,33598.0,51149780.537,632.1940787855,18730.0
2025-09-27,,,,,,,,,41.1,,,,,,,,,,632.5908366199,
2025-09-28,,,,,,,,,40.8,,,,,,,,,,632.98784345502,
2025-09-29,41118.0,1378.76,1341.0,39.625,45.16,41645095.0,21567150.0,2038675.0,40.7,81310262.0,,,,26.13,41.5,0.0,33731.0,52962315.45,633.38509944713,18789.0
2025-09-30,40374.0,1406.79,1366.58,41.0,44.02,42295612.0,21544006.0,2075265.0,40.9,81799803.0,2.1,31.8,21.9,32.73,42.375,0.0,33955.0,55421105.222,633.78260475259,18880.0
2025-10-01,42230.0,1456.89,1423.83,40.625,44.38,41012542.0,21520944.0,2087608.0,41.0,82236460.0,,,,35.07,42.875,0.0,34186.0,55659699.331,634.18035952787,18705.0
2025-10-02,42330.0,1454.16,1424.75,40.375,44.54,40356005.0,21564696.0,2053044.0,41.2,82391425.0,,,,36.36,42.0,0.0,34332.0,55721626.151,634.57836392955,18592.0
2025-10-03,42701.0,1454.86,1424.75,40.875,45.06,40636784.0,21637756.0,1996091.0,41.3,82643217.0,,,,38.31,44.125,0.0,34448.0,55987337.978,634.97661811426,18573.0
2025-10-04,,,,,,,,,41.3,,,,,,,,,,635.37512223879,
2025-10-05,,,,,,,,,41.6,,,,,,,,,,635.77387645999,
2025-10-06,42629.0,1460.2,1429.75,40.8125,46.13,40792969.0,21675027.0,2033732.0,41.8,82603738.0,,,,39.44,44.75,0.0,34338.0,55759039.241,636.17288093482,18359.0
2025-10-07,42222.0,1460.63,1429.75,44.125,52.92,40581165.0,21646415.0,2083699.0,42.0,82921138.0,,,,51.63,47.125,0.0,34476.0,54922215.217,636.57213582032,18307.0
2025-10-08,42067.0,1462.7,1429.75,44.3125,66.87,40739322.0,21690802.0,2113661.0,42.2,82650607.0,,,,65.77,50.1875,0.0,34453.0,54800519.24,636.97164127367,18215.0
2025-10-09,42057.0,1459.28,1451.75,49.5625,79.29,40896326.0,21776426.0,2078092.0,42.5,82605925.0,,,,72.29,54.375,0.0,34511.0,54513647.576,637.37139745211,18278.0
2025-10-10,,,,,,,,,42.6,,,,,,,,,,637.77140451299,
2025-10-11,,,,,,,,,42.8,,,,,,,,,,638.17166261377,
2025-10-12,,,,,,,,,43.0,,,,,,,,,,638.572171912,
2025-10-13,42258.0,1378.58,1347.67,46.5625,83.67,40840121.0,21722783.0,2156706.0,43.2,82179068.0,,,,77.5,53.75,0.0,34999.0,54525062.621,638.97293256531,18164.0
2025-10-14,41904.0,1392.41,1359.83,51.9375,129.5,41039888.0,21600447.0,2243385.0,43.1,82241665.0,,,,115.2,59.125,0.0,34954.0,51993134.914,639.37394473147,18264.0
2025-10-15,41741.0,1408.02,1373.5,56.25,190.76,40648966.0,21527936.0,2254040.0,43.1,81586058.0,,,,157.17,66.0,0.0,35061.0,52551957.382,639.77520856832,18216.0
2025-10-16,41710.0,1441.96,1387.17,57.25,144.8,40131062.0,21510672.0,2213024.0,43.1,81441107.0,,,,105.5,60.125,0.0,35133.0,51756475.388,640.20426054369,18197.0
2025-10-17,41170.0,1491.61,1439.5,53.0625,85.02,40428002.0,21477271.0,2184664.0,43.0,81520146.0,,,,50.46,57.9375,0.0,35079.0,50523927.623,640.63360025388,18162.0
2025-10-18,,,,,,,,,42.9,,,,,,,,,,641.06322789184,
2025-10-19,,,,,,,,,42.9,,,,,,,,,,641.49314365066,
2025-10-20,41316.0,1495.61,1462.83,49.375,67.18,40972264.0,21470287.0,2162726.0,43.0,81878088.0,,,,40.74,53.0625,0.0,35130.0,50569298.287,641.92334772357,18120.0
2025-10-21,40540.0,1518.74,1484.75,48.75,59.38,40177879.0,21398997.0,2174454.0,42.9,82220815.0,,,,35.66,52.8125,-45.5,35207.0,50102876.307,642.35384030392,18200.0
2025-10-22,40570.0,1520.9,1487.08,48.125,58.04,39970044.0,21411726.0,2072853.0,42.9,82352086.0,,,,37.74,53.6875,0.0,35265.0,50823224.53,642.7846215852,18268.0
2025-10-23,40989.0,1518.07,1484.0,48.625,61.7,39850348.0,21425730.0,2041978.0,42.9,82613250.0,,,,42.21,54.875,0.0,35198.0,50067303.981,643.215691761,18327.0
2025-10-24,41215.0,1517.53,1485.92,49.4375,86.48,39402450.0,21436476.0,2016180.0,42.8,82927084.0,,,,64.99,58.5,0.0,35117.0,49912789.76,643.64705102508,18412.0
2025-10-25,,,,,,,,,42.7,,,,,,,,,,644.0786995713,
2025-10-26,,,,,,,,,42.5,,,,,,,,,,644.51063759367,
2025-10-27,41059.0,1451.78,1378.92,41.8125,89.56,40078826.0,21332863.0,2128598.0,42.4,83424444.0,,,,75.87,45.9375,0.0,35233.0,49828408.195,644.94286528631,18452.0
2025-10-28,40771.0,1487.76,1470.83,44.5,135.36,40078019.0,21387877.0,2046104.0,42.4,83833510.0,,,,97.53,49.1875,0.0,35114.0,49571242.045,645.37538284349,18375.0
2025-10-29,40764.0,1464.4,1451.5,41.1875,84.43,40147684.0,21345514.0,2063247.0,42.1,83638239.0,,,,49.02,44.625,0.0,35026.0,50118935.504,645.80819045961,18386.0
2025-10-30,40494.0,1464.99,1433.67,40.9375,67.74,40354280.0,21319002.0,2110698.0,41.8,84083744.0,,,,41.38,43.375,0.0,35053.0,51573617.942,646.24128832917,18369.0
2025-10-31,39382.0,1475.11,1443.0,37.1875,61.52,41327194.0,21354299.0,2065220.0,41.7,84224736.0,2.3,31.3,20.8,32.6,38.3125,0.0,35116.0,53928320.608,646.67467664684,18434.0
2025-11-01,,,,,,,,,41.4,,,,,,,,,,647.1083556074,
2025-11-02,,,,,,,,,41.1,,,,,,,,,,647.54232540575,
2025-11-03,40785.0,1494.62,1457.42,34.75,49.2,41437306.0,21415012.0,2051586.0,40.7,84363935.0,,,,28.7,36.75,0.0,35073.0,53500962.301,647.97658623695,18147.0
2025-11-04,40802.0,1488.75,1473.17,35.0,45.9,40730943.0,21374802.0,2155163.0,40.2,84250274.0,,,,28.01,37.5625,0.0,35026.0,53073770.662,648.41113829618,18106.0
2025-11-05,41015.0,1476.48,1447.5,34.0625,42.76,41136124.0,21391589.0,2169141.0,40.0,83577125.0,,,,27.8,36.3125,0.0,35008.0,53739993.632,648.84598177872,18041.0
2025-11-06,,,,,,,,,39.8,,,,,,,,,,649.28111688004,
2025-11-07,40227.0,1454.66,1441.5,32.9375,41.07,41881861.0,21363904.0,2220775.0,39.3,82769642.0,,,,27.04,34.8125,0.0,34993.0,53006959.148,649.71654379568,17969.0
2025-11-08,,,,,,,,,39.1,,,,,,,,,,650.15226272136,
2025-11-09,,,,,,,,,38.9,,,,,,,,,,650.58827385289,
2025-11-10,40401.0,1450.65,1419.33,32.5,39.62,41632920.0,21429230.0,2152771.0,38.5,83492248.0,,,,27.38,34.75,0.0,34991.0,51792799.271,651.02457738625,17948.0
2025-11-11,40500.0,1444.83,1416.5,33.375,39.75,40036417.0,21379095.0,2158885.0,38.0,83607442.0,,,,25.7,35.0,0.0,35051.0,50294060.976,651.46117351752,17979.0
2025-11-12,40675.0,1433.92,1402.0,31.3125,38.79,40264655.0,21345320.0,2135786.0,37.7,83347226.0,,,,24.74,34.625,0.0,35046.0,50854967.288,651.89806244294,17983.0
2025-11-13,40684.0,1433.55,1408.83,31.5625,37.65,39820024.0,21359632.0,2085840.0,37.6,83226730.0,,,,25.01,33.9375,0.0,35083.0,50585785.336,652.33524435885,18001.0
2025-11-14,40643.0,1432.06,1405.0,32.0625,37.5,40285409.0,21390602.0,2026718.0,37.4,83342508.0,,,,24.32,33.4375,0.0,35081.0,50579961.135,652.77271946175,18043.0
2025-11-15,,,,,,,,,37.3,,,,,,,,,,653.21048794825,
2025-11-16,,,,,,,,,37.1,,,,,,,,,,653.70579802212,
2025-11-17,40356.0,1422.09,1401.0,31.125,37.75,40819556.0,21398248.0,2040616.0,37.0,83819844.0,,,,23.43,33.0,0.0,35143.0,50394691.524,654.20148367488,18082.0
2025-11-18,40622.0,1422.1,1388.0,32.4375,36.61,40323072.0,21331468.0,2137552.0,36.7,84226538.0,,,,23.01,33.5,0.0,35404.0,50232588.389,654.69754519132,18122.0
2025-11-19,40773.0,1429.09,1402.5,32.1875,35.41,40314551.0,21335326.0,2208457.0,36.4,84125159.0,,,,23.97,33.8125,0.0,35526.0,50049249.804,655.19398285644,18201.0
2025-11-20,40921.0,1450.06,1416.67,31.0,34.69,40927869.0,21451868.0,2120893.0,36.3,84486532.0,,,,22.75,31.6875,0.0,35531.0,50644753.035,655.69079695547,18242.0
2025-11-21,,,,,,,,,36.1,,,,,,,,,,656.18798777385,
2025-11-22,,,,,,,,,35.9,,,,,,,,,,656.68555559723,
2025-11-23,,,,,,,,,35.8,,,,,,,,,,657.18350071148,
2025-11-24,,,,,,,,,35.7,,,,,,,,,,657.68182340269,
2025-11-25,41185.0,1471.87,1442.83,30.125,33.85,42341489.0,21509043.0,2093857.0,35.7,85218478.0,,,,21.16,32.0625,0.0,35592.0,51439216.263,658.18052395717,18210.0
2025-11-26,41899.0,1475.83,1448.5,29.8125,34.06,40563401.0,21469073.0,2150601.0,35.8,86076610.0,,,,20.95,31.6875,0.0,35669.0,51922788.288,658.67960266144,18308.0
2025-11-27,41904.0,1474.55,1448.0,30.25,33.93,41009226.0,21537084.0,2106087.0,36.0,86332030.0,,,,20.39,31.75,0.0,35619.0,53305815.364,659.17905980224,18341.0
2025-11-28,40335.0,1487.59,1450.75,29.9375,32.57,40926609.0,21678430.0,2000739.0,36.4,86945461.0,,,,18.48,31.4375,0.0,35727.0,56168926.43,659.67889566652,18455.0
2025-11-29,,,,,,,,,36.7,,,,,,,,,,660.17911054147,
2025-11-30,,,,,,,,,36.7,,2.5,31.4,21.0,,,,,,660.67970471447,
2025-12-01,41773.0,1475.07,1449.08,29.4375,32.62,40862891.0,21770224.0,2013303.0,36.9,86866251.0,,,,16.49,30.9375,0.0,36641.0,56171069.367,661.18067847314,18200.0
2025-12-02,41883.0,1476.76,1453.58,28.5,28.04,39684092.0,21773192.0,2079387.0,37.2,86863338.0,,,,14.95,29.6875,0.0,36561.0,55040073.993,661.68203210529,18239.0
2025-12-03,41887.0,1475.49,1453.5,26.5,27.07,37842747.0,21818136.0,2148955.0,37.6,86586773.0,,,,17.59,27.8125,0.0,36475.0,55466348.785,662.18376589899,18181.0
2025-12-04,41890.0,1469.78,1449.33,26.0,25.99,40457720.0,21882718.0,2271984.0,38.0,86369557.0,,,,19.62,26.625,0.0,36408.0,56346226.518,662.68588014249,18179.0
2025-12-05,41764.0,1462.75,1438.58,25.75,24.8,38933317.0,21982841.0,2268630.0,38.2,86355095.0,,,,20.1,26.8125,0.0,36173.0,55355955.095,663.18837512428,18073.0
2025-12-06,,,,,,,,,38.4,,,,,,,,,,663.69125113305,
2025-12-07,,,,,,,,,38.7,,,,,,,,,,664.19450845775,
2025-12-08,,,,,,,,,38.9,,,,,,,,,,664.69814738749,
2025-12-09,41750.0,1463.14,1437.42,25.25,24.83,40069791.0,22171793.0,2236390.0,39.0,86343635.0,,,,20.16,26.4375,0.0,36195.0,54689707.736,665.20216821165,18050.0
2025-12-10,41669.0,1458.59,1439.42,25.5,25.6,40146702.0,22204802.0,2262864.0,39.2,86730691.0,,,,20.19,26.6875,0.0,36334.0,54565845.54,665.7065712198,18152.0
2025-12-11,41824.0,1460.45,1438.25,25.75,25.42,40856240.0,22309822.0,2293618.0,39.6,85996368.0,,,,20.18,26.75,0.0,36413.0,55273378.612,666.21135670173,18145.0
2025-12-12,41907.0,1464.55,1438.42,24.9375,25.8,41173306.0,22541744.0,2162240.0,39.8,86116260.0,,,,20.33,26.75,0.0,35976.0,55087698.123,666.71652494748,18190.0
2025-12-13,,,,,,,,,40.0,,,,,,,,,,667.22207624728,
2025-12-14,,,,,,,,,40.0,,,,,,,,,,667.72801089158,
2025-12-15,42238.0,1465.14,1439.83,25.25,25.44,41443740.0,22755181.0,2180282.0,40.2,86431743.0,,,,20.65,26.75,0.0,36078.0,56298646.956,668.23432917106,18172.0
2025-12-16,42283.0,1482.44,1451.33,25.75,26.17,40768621.0,22853530.0,2257855.0,40.3,86955425.0,,,,21.38,27.125,0.0,36105.0,56136930.885,668.7668138406,18217.0
2025-12-17,42226.0,1474.51,1448.58,25.8125,24.45,41112794.0,23043014.0,2341915.0,40.5,87395524.0,,,,21.05,27.375,0.0,36157.0,57312203.778,669.29972282227,18251.0
2025-12-18,42326.0,1474.62,1453.17,26.1875,24.91,40972242.0,23274676.0,2471174.0,40.7,87894661.0,,,,20.92,27.3125,0.0,36340.0,58743818.611,669.83305645416,18261.0
2025-12-19,42418.0,1474.1,1452.25,27.0,25.46,40805912.0,23594331.0,2384462.0,40.9,88283766.0,,,,21.04,28.25,0.0,36489.0,59900884.332,670.36681507467,18351.0
2025-12-20,,,,,,,,,40.8,,,,,,,,,,670.90099902245,
2025-12-21,,,,,,,,,40.6,,,,,,,,,,671.43560863642,
2025-12-22,42636.0,1475.55,1450.42,26.875,25.81,41416844.0,24029657.0,2426317.0,40.5,88520441.0,,,,21.53,28.375,0.0,36570.0,60284078.984,671.97064425578,18358.0
2025-12-23,43012.0,1475.41,1450.5,28.625,29.27,41853086.0,24260634.0,2534727.0,40.3,89168834.0,,,,27.13,29.4375,0.0,36623.0,60808926.024,672.50610621999,18383.0
2025-12-24,,,,,,,,,40.1,,,,,,,,,,673.04199486878,
2025-12-25,,,,,,,,,39.9,,,,,,,,,,673.57831054217,
2025-12-26,43617.0,1475.45,1450.92,26.875,31.25,42492789.0,24382464.0,2590767.0,39.5,89671373.0,,,,29.42,28.6875,0.0,36675.0,60736131.044,674.11505358041,18326.0
2025-12-27,,,,,,,,,38.9,,,,,,,,,,674.65222432408,
2025-12-28,,,,,,,,,38.2,,,,,,,,,,675.18982311397,
2025-12-29,41894.0,1477.22,1454.92,26.0625,33.76,42305192.0,24477185.0,2627788.0,37.7,90710839.0,,,,32.83,27.9375,0.0,36655.0,62891143.767,675.72785029118,18383.0
2025-12-30,41167.0,1479.28,1459.42,26.6875,59.35,42956965.0,24559358.0,2549984.0,37.6,90909478.0,,,,76.31,28.875,0.0,36982.0,65285582.703,676.26630619708,18603.0
2025-12-31,,,,,,,,,37.3,,2.8,31.5,20.1,,,,,,676.80519117329,
2026-01-01,,,,,,,,,37.0,,,,,,,,,,677.34450556172,
2026-01-02,43105.0,1491.24,1469.61,26.6875,56.52,42960320.0,24510679.0,2581460.0,36.6,90866987.0,,,,47.96,29.375,0.0,37044.0,64568116.281,677.88424970456,18409.0
2026-01-03,,,,,,,,,36.2,,,,,,,,,,678.42442394424,
2026-01-04,,,,,,,,,35.9,,,,,,,,,,678.96502862351,
2026-01-05,43393.0,1492.46,1472.73,26.875,40.3,42683047.0,24452750.0,2578617.0,35.4,91064869.0,,,,31.35,28.75,20.8,37061.0,61856297.993,679.50606408534,18366.0
2026-01-06,44186.0,1488.32,1467.62,28.0,45.4,42682795.0,24352144.0,2576738.0,34.9,90820499.0,,,,43.84,29.375,83.5,37006.0,61173985.519,680.04753067303,18852.0
2026-01-07,44241.0,1485.21,1466.03,29.9375,47.08,43167152.0,24273090.0,2530661.0,34.5,90129885.0,,,,48.32,31.75,9.0,37105.0,61709332.076,680.5894287301,18826.0
2026-01-08,44782.0,1482.66,1459.58,30.25,46.44,43272002.0,24226742.0,2482577.0,34.1,89471100.0,,,,41.54,33.125,62.0,37136.0,60470218.004,681.13175860037,18844.0
2026-01-09,44397.0,1483.19,1466.47,29.4375,42.65,42895272.0,24180268.0,2468088.0,33.6,89516599.0,,,,35.25,32.625,42.5,37822.0,59516490.211,681.67452062794,18859.0
2026-01-10,,,,,,,,,33.2,,,,,,,,,,682.21771515718,
2026-01-11,,,,,,,,,32.8,,,,,,,,,,682.76134253272,
2026-01-12,44766.0,1482.33,1466.65,27.375,41.58,42938346.0,24160075.0,2421638.0,32.4,89407031.0,,,,35.28,32.4375,55.0,37770.0,57795000.381,683.30540309948,18902.0
2026-01-13,44678.0,1482.52,1463.32,29.25,49.99,43346010.0,24045258.0,2419227.0,32.1,89153705.0,,,,48.37,34.4375,55.2,37674.0,57203686.101,683.84989720264,19008.0
2026-01-14,44692.0,1475.0,1454.32,31.1875,50.81,43803268.0,23991247.0,2370464.0,31.8,88790668.0,,,,46.48,34.9375,187.5,37774.0,57131635.244,684.39482518768,18982.0
2026-01-15,44646.0,1466.87,1443.86,31.9375,48.28,43701459.0,23960847.0,2323018.0,31.4,88905988.0,,,,38.75,35.6875,47.0,37692.0,57559010.399,684.94018740034,19104.0
2026-01-16,44609.0,1453.45,1431.06,32.8125,47.8,44102114.0,23914595.0,2293278.0,31.0,88924298.0,,,,39.25,35.5625,125.0,37900.0,56233995.088,685.55061207521,19234.0
2026-01-17,,,,,,,,,30.5,,,,,,,,,,686.16158076588,
2026-01-18,,,,,,,,,30.1,,,,,,,,,,686.77309395718,
2026-01-19,44808.0,1454.65,1432.69,32.75,47.66,44050201.0,23864542.0,2298492.0,29.8,89124574.0,,,,38.71,36.6875,20.9,37934.0,55611083.47,687.38515213437,19268.0
2026-01-20,44871.0,1454.04,1435.63,34.875,47.44,44040732.0,23759940.0,2318051.0,29.5,89608895.0,,,,38.73,36.6875,8.0,37936.0,55437531.492,687.99775578316,19431.0
2026-01-21,45077.0,1452.73,1429.78,34.6875,46.65,44265806.0,23693611.0,2271806.0,29.2,89614747.0,,,,38.29,36.9375,107.0,37988.0,55266847.796,688.61090538967,19498.0
2026-01-22,45397.0,1452.09,1427.03,35.625,46.58,44262398.0,23651224.0,2248055.0,29.0,89628952.0,,,,36.97,38.0625,80.5,37987.0,55029578.613,689.22460144045,19543.0
2026-01-23,45565.0,1454.56,1433.2,36.4375,45.14,44254340.0,23647153.0,2201453.0,28.8,89868843.0,,,,33.56,37.8125,75.0,38123.0,54730152.758,689.83884442252,19662.0
2026-01-24,,,,,,,,,28.6,,,,,,,,,,690.4536348233,
2026-01-25,,,,,,,,,28.5,,,,,,,,,,691.06897313065,
2026-01-26,45740.0,1459.88,1438.46,32.0,40.37,43364675.0,23635202.0,2183319.0,28.4,90544955.0,,,,26.09,35.625,39.0,38079.0,54878596.349,691.68485983287,19700.0
2026-01-27,45780.0,1463.48,1441.32,33.0,34.71,41880963.0,23511414.0,2270302.0,28.4,90939544.0,,,,21.48,34.5,32.0,38055.0,55139821.773,692.30129541869,19575.0
2026-01-28,46160.0,1463.92,1442.7,30.75,32.49,41652760.0,23503765.0,2240810.0,28.2,90925751.0,,,,20.36,32.625,33.0,37960.0,55895500.062,692.91828037729,19777.0
2026-01-29,46242.0,1465.08,1446.3,30.1875,34.63,42772613.0,23539034.0,2224922.0,28.0,91270256.0,,,,24.97,31.75,52.5,38008.0,57590370.416,693.53581519828,19810.0
2026-01-30,44503.0,1465.01,1447.67,31.1875,33.07,42812343.0,23611768.0,2173117.0,27.9,91559174.0,,,,29.31,32.9375,23.0,37962.0,60131987.818,694.15390037169,19922.0
2026-01-31,,,,,,,,,27.8,,2.9,32.4,21.0,,,,,,694.772536388,
2026-02-01,,,,,,,,,27.6,,,,,,,,,,695.39172373812,
2026-02-02,45104.0,1471.3,1451.7,29.375,36.85,42050300.0,23638532.0,2172967.0,27.4,91642124.0,,,,37.07,32.6875,39.0,37817.0,59037854.841,696.01146291342,19668.0
2026-02-03,45675.0,1465.67,1447.67,31.625,39.52,41896298.0,23575862.0,2219263.0,27.1,91664092.0,,,,38.58,34.0,57.0,37974.0,58339429.213,696.63175440569,19735.0
2026-02-04,45420.0,1465.92,1447.62,30.5,35.64,41812311.0,23530673.0,2231127.0,26.9,91234631.0,,,,27.6,32.5625,44.0,37949.0,58572666.727,697.25259870715,19655.0
2026-02-05,44753.0,1467.01,1445.62,30.3125,34.08,42122917.0,23508895.0,2248924.0,26.9,90959035.0,,,,25.63,32.1875,126.0,37880.0,59660467.587,697.87399631047,19681.0
2026-02-06,44939.0,1453.25,1430.59,30.4375,32.97,41940812.0,23506580.0,2252592.0,26.8,90014623.0,,,,25.55,31.8125,51.0,37803.0,58027858.8,698.49594770876,19561.0
2026-02-07,,,,,,,,,26.6,,,,,,,,,,699.11845339556,
2026-02-08,,,,,,,,,26.8,,,,,,,,,,699.74151386487,
2026-02-09,45322.0,1445.77,1423.36,29.1875,32.14,41992981.0,23577639.0,2219071.0,26.8,90243664.0,,,,24.18,31.1875,176.0,37848.0,57258654.786,700.36512961111,19633.0
2026-02-10,45229.0,1428.11,1405.43,30.0,31.25,42177084.0,23519498.0,2282741.0,26.6,90506383.0,,,,23.35,31.375,42.0,37809.0,56138560.11,700.98930112914,19715.0
2026-02-11,45305.0,1427.34,1403.7,28.6875,30.75,42185386.0,23478210.0,2299478.0,26.7,90309107.0,,,,23.04,31.5625,214.0,37923.0,56450816.744,701.61402891428,19634.0
2026-02-12,45053.0,1420.27,1394.15,29.875,35.21,42461589.0,23446455.0,2375011.0,26.9,90252988.0,,,,29.23,32.375,141.0,37982.0,55866507.876,702.23931346228,19774.0
2026-02-13,45164.0,1420.64,1395.42,31.3125,40.14,40956503.0,23439314.0,2419036.0,26.9,90232632.0,,,,37.66,33.4375,41.6,38034.0,55589155.143,702.86515526933,19818.0
2026-02-14,,,,,,,,,26.9,,,,,,,,,,703.49155483206,
2026-02-15,,,,,,,,,27.0,,,,,,,,,,704.11851264754,
2026-02-16,,,,,,,,,27.0,,,,,,,,,,704.83777110235,
2026-02-17,,,,,,,,,27.1,,,,,,,,,,705.55776428109,
2026-02-18,45130.0,1424.61,1401.81,30.5,40.55,40986425.0,23384928.0,2462457.0,27.2,90843119.0,,,,34.68,33.6875,80.0,38084.0,55622819.479,706.27849293429,19861.0
2026-02-19,44904.0,1419.32,1391.97,31.8125,49.11,41882460.0,23365106.0,2471308.0,27.3,91186144.0,,,,46.05,34.625,76.0,38178.0,55672165.733,706.99995781323,19958.0
2026-02-20,46264.0,1399.15,1384.21,32.6875,49.51,42378425.0,23335491.0,2446189.0,27.4,91166286.0,,,,43.95,34.875,167.0,38297.0,55243088.15,707.72215966998,20063.0
2026-02-21,,,,,,,,,27.4,,,,,,,,,,708.44509925735,
2026-02-22,,,,,,,,,27.4,,,,,,,,,,709.16877732894,
2026-02-23,46635.0,1392.75,1367.24,33.125,47.19,42646887.0,23276182.0,2438165.0,27.5,91637401.0,,,,38.27,36.5,95.0,38365.0,55288215.162,709.89319463912,20064.0
2026-02-24,46663.0,1400.12,1377.09,34.3125,43.65,42600442.0,23213084.0,2430544.0,27.5,92011905.0,,,,32.76,35.625,48.0,38382.0,54710168.928,710.61835194302,20216.0
2026-02-25,46905.0,1416.53,1388.58,30.75,38.75,41232963.0,23195887.0,2363375.0,27.5,92118514.0,,,,27.5,33.25,85.0,38412.0,55610780.663,711.34424999653,20221.0
2026-02-26,46158.0,1429.59,1408.7,30.25,35.21,41414239.0,23228471.0,2315333.0,27.7,92627905.0,,,,22.58,31.25,41.0,38463.0,57361187.612,712.07088955634,20257.0
2026-02-27,45566.0,1426.45,1408.97,29.5,30.97,40986704.0,23354244.0,2170812.0,28.0,92547791.0,,,,21.18,31.0625,33.0,38387.0,60376122.102,712.79827137991,20397.0
2026-02-28,,,,,,,,,28.1,,2.9,33.1,22.3,,,,,,713.52639622544,
2026-03-01,,,,,,,,,28.0,,,,,,,,,,714.25526485195,
2026-03-02,46519.0,1417.21,1401.58,28.9375,31.16,42499111.0,23415898.0,2121986.0,27.8,92355284.0,,,,21.65,30.75,70.0,39172.0,59183569.726,714.9848780192,20125.0
2026-03-03,46137.0,1433.4,1411.11,29.5,29.51,42641381.0,23336200.0,2197683.0,27.8,92349166.0,,,,21.36,31.0,17.0,39070.0,58639867.442,715.71523648775,20162.0
2026-03-04,46210.0,1427.83,1401.58,28.4375,28.24,42455350.0,23306515.0,2191838.0,27.9,92301508.0,,,,21.66,31.0,40.0,38944.0,58667184.045,716.44634101892,20216.0
2026-03-05,45825.0,1425.47,1407.15,29.5,28.27,42491784.0,23305897.0,2208912.0,28.0,91491524.0,,,,21.27,31.25,124.4,38954.0,59436036.058,717.17819237481,20203.0
2026-03-06,46011.0,1436.18,1413.82,28.3125,28.08,42327455.0,23312839.0,2194313.0,28.1,90980929.0,,,,22.21,30.875,40.0,38883.0,57843182.899,717.91079131832,20058.0
2026-03-07,,,,,,,,,28.1,,,,,,,,,,718.64413861309,
2026-03-08,,,,,,,,,28.1,,,,,,,,,,719.37823502358,
2026-03-09,45767.0,1440.91,1418.28,28.5,27.4,41337760.0,23395943.0,2132760.0,28.1,90966293.0,,,,20.97,30.875,50.0,38681.0,57125533.668,720.11308131501,20118.0
2026-03-10,46054.0,1421.51,1402.38,29.3125,28.63,40799134.0,23349084.0,2155443.0,27.8,91351248.0,,,,20.44,31.0625,67.0,38645.0,56157219.566,720.84867825337,20166.0
2026-03-11,45770.0,1418.04,1396.45,29.0,28.2,40736856.0,23306552.0,2155680.0,27.8,91172448.0,,,,20.32,31.0,86.0,38602.0,56043666.838,721.58502660547,20194.0
2026-03-12,45766.0,1419.08,1399.67,29.375,27.82,41407606.0,23299677.0,2160160.0,27.9,91134114.0,,,,20.3,31.0,47.0,38585.0,55970714.807,722.32212713887,20274.0
2026-03-13,45661.0,1415.85,1392.99,28.5625,29.22,41185271.0,23321748.0,2115353.0,27.8,91299078.0,,,,21.45,31.0625,45.0,38586.0,56238473.122,723.05998062192,20341.0
2026-03-14,,,,,,,,,27.7,,,,,,,,,,723.79858782376,
2026-03-15,,,,,,,,,27.6,,,,,,,,,,724.53794951432,
2026-03-16,44790.0,1417.58,1394.66,28.5625,28.45,40219575.0,23317686.0,2128744.0,27.5,91559954.0,,,,20.56,30.625,50.0,38567.0,55944483.807,725.20640921375,20391.0
2026-03-17,44722.0,1422.26,1395.51,28.25,28.57,39541393.0,23227806.0,2202272.0,27.4,91892600.0,,,,20.26,28.8125,73.0,38551.0,55086538.219,725.875485635,20510.0
2026-03-18,44495.0,1418.18,1399.6,26.875,27.42,39026567.0,23165452.0,2264208.0,27.3,92010639.0,,,,20.13,27.1875,58.0,38481.0,54534456.642,726.54517934708,20641.0
2026-03-19,43713.0,1416.66,1395.51,26.25,26.6,40008553.0,23182065.0,2289395.0,27.2,92120230.0,,,,20.11,26.5625,132.0,38411.0,54594396.849,727.21549091948,20704.0
2026-03-20,43806.0,1414.02,1393.44,25.6875,27.13,40514585.0,23224462.0,2298390.0,27.1,92414260.0,,,,20.16,26.75,172.0,38484.0,54966514.591,727.88642092226,20848.0
2026-03-21,,,,,,,,,26.9,,,,,,,,,,728.55796992596,
2026-03-22,,,,,,,,,26.8,,,,,,,,,,729.2301385017,
2026-03-23,,,,,,,,,26.7,,,,,,,,,,729.90292722108,
2026-03-24,,,,,,,,,26.5,,,,,,,,,,730.57633665624,
2026-03-25,43841.0,1402.6,1378.97,25.375,26.43,41175029.0,23197930.0,2373126.0,26.4,92814875.0,,,,20.13,26.4375,146.5,38545.0,56161376.145,731.25036737988,20945.0
2026-03-26,43534.0,1392.39,1370.29,25.6875,26.25,40433607.0,23112524.0,2452718.0,26.3,93354250.0,,,,20.08,26.3125,57.0,38619.0,55836890.824,731.92501996517,21125.0
2026-03-27,43713.0,1404.43,1376.1,24.8125,26.5,39674505.0,23162722.0,2381802.0,26.1,93720435.0,,,,20.04,26.125,48.0,38689.0,56013997.906,732.60029498586,21181.0
2026-03-28,,,,,,,,,25.7,,,,,,,,,,733.2761930162,
2026-03-29,,,,,,,,,25.2,,,,,,,,,,733.95271463099,
2026-03-30,43381.0,1419.32,1394.92,25.0625,26.0,42639083.0,23187696.0,2395141.0,24.9,94284932.0,,,,20.81,26.1875,208.0,38666.0,57900772.582,734.62986040554,21231.0
2026-03-31,42052.0,1409.48,1382.76,25.375,26.97,41277771.0,23157919.0,2528705.0,24.8,94184408.0,3.4,32.6,23.8,21.48,26.3125,140.0,38451.0,60657423.163,735.3076309157,21347.0
2026-04-01,44445.0,1419.32,1387.72,25.1875,25.69,42128666.0,23179605.0,2525843.0,24.5,94617672.0,,,,21.99,26.25,76.0,38672.0,59358126.114,735.98602673786,21411.0
2026-04-02,,,,,,,,,24.3,,,,,,,,,,736.66504844893,
2026-04-03,,,,,,,,,24.0,,,,,,,,,,737.34469662636,
2026-04-04,,,,,,,,,23.8,,,,,,,,,,738.02497184812,
2026-04-05,,,,,,,,,23.7,,,,,,,,,,738.70587469273,
2026-04-06,44248.0,1416.6,1391.69,24.4375,26.6,41983916.0,23164223.0,2516707.0,23.5,93112046.0,,,,22.09,26.125,30.0,38664.0,58814966.155,739.38740573923,21317.0
2026-04-07,44445.0,1418.78,1395.1,25.3125,26.31,41976449.0,23034134.0,2544257.0,23.3,93913176.0,,,,21.76,26.1875,93.0,38769.0,58413589.682,740.0695655672,21501.0
2026-04-08,44759.0,1412.02,1387.03,24.9375,26.35,41265125.0,22988864.0,2489980.0,23.1,93610182.0,,,,21.26,25.625,102.0,38799.0,58151968.124,740.75235475676,21585.0
2026-04-09,45154.0,1409.92,1383.23,23.25,26.5,41291559.0,22962841.0,2451158.0,22.9,92891135.0,,,,20.67,23.4375,281.0,38814.0,57422981.389,741.43577388855,21563.0
2026-04-10,45435.0,1399.42,1373.9,22.375,26.76,41225945.0,23034499.0,2323258.0,22.6,93204743.0,,,,20.44,22.8125,457.5,38863.0,56891026.662,742.11982354377,21680.0
2026-04-11,,,,,,,,,22.2,,,,,,,,,,742.80450430413,
2026-04-12,,,,,,,,,21.8,,,,,,,,,,743.48981675189,
2026-04-13,45408.0,1387.78,1362.81,21.6875,26.21,40941598.0,23022536.0,2315008.0,21.5,93224468.0,,,,20.05,22.5,111.5,38936.0,55909484.498,744.17576146985,21760.0
2026-04-14,45875.0,1389.01,1358.52,22.5,25.79,40898167.0,22915066.0,2362290.0,21.1,93531962.0,,,,20.21,23.0625,185.0,39141.0,55704609.855,744.86233904135,21880.0
2026-04-15,45622.0,1388.7,1363.66,22.125,25.82,40308442.0,22952482.0,2257210.0,20.7,93629110.0,,,,20.12,22.875,128.0,38885.0,56276155.227,745.54955005024,21837.0
2026-04-16,45629.0,1379.34,1352.98,22.4375,25.82,40553716.0,22971500.0,2203240.0,20.3,94084803.0,,,,20.05,23.125,75.0,38848.0,55602233.236,746.38092265237,21973.0
2026-04-17,45793.0,1389.01,1360.03,22.375,25.85,40105907.0,22964260.0,2168333.0,19.8,94148209.0,,,,20.16,22.75,95.0,38701.0,55395032.271,747.21322232958,22020.0
2026-04-18,,,,,,,,,19.4,,,,,,,,,,748.04645011565,
2026-04-19,,,,,,,,,19.0,,,,,,,,,,748.88060704553,
2026-04-20,45747.0,1397.09,1372.77,21.3125,25.99,40962136.0,22909854.0,2179404.0,18.6,,,,,20.13,22.3125,,,,749.71569415533,
2026-04-21,,1396.9,1379.05,21.8125,25.85,,,,,,,,,20.14,22.4375,,,,750.5517124823,
2026-04-22,,1399.75,1378.13,,,,,,,,,,,,,,,,751.38866306486,
2026-04-23,,,,,,,,,,,,,,,,,,,752.22654694258,
