fecha,sp500,nasdaq,brent,wti,oro,dxy,us10y,eem,emb,soja,maiz,trigo,merval
2025-03-12,5599.2998046875,17648.44921875,70.94999694824219,67.68000030517578,2939.10009765625,103.61000061035156,4.317999839782715,42.923954010009766,86.53864288330078,987.5,448.75,538.75,2272937.0
2025-03-13,5521.52001953125,17303.009765625,69.87999725341797,66.55000305175781,2984.300048828125,103.83000183105469,4.27400016784668,42.74819564819336,86.5004653930664,996.75,453.5,547.25,2232180.0
2025-03-14,5638.93994140625,17754.08984375,70.58000183105469,67.18000030517578,2994.5,103.72000122070312,4.308000087738037,43.52934265136719,86.58637237548828,999.25,445.5,545.75,2335575.0
2025-03-17,5675.1201171875,17808.66015625,71.06999969482422,67.58000183105469,3000.0,103.37000274658203,4.306000232696533,44.27143096923828,86.81543731689453,1015.5,461.0,568.5,2346306.0
2025-03-18,5614.66015625,17504.119140625,70.55999755859375,66.9000015258789,3035.10009765625,103.23999786376953,4.281000137329102,44.046852111816406,86.78679656982422,1012.75,458.75,565.0,2288538.0
2025-03-19,5675.2900390625,17750.7890625,70.77999877929688,67.16000366210938,3035.89990234375,103.43000030517578,4.25600004196167,44.15426254272461,87.26402282714844,1008.25,462.0,563.5,2392030.0
2025-03-20,5662.89013671875,17691.630859375,72.0,68.26000213623047,3040.0,103.8499984741211,4.232999801635742,43.74415588378906,87.09222412109375,1013.0,469.0,557.25,2361583.0
2025-03-21,5667.56005859375,17784.05078125,72.16000366210938,68.27999877929688,3018.199951171875,104.08999633789062,4.251999855041504,43.52934265136719,86.83454132080078,1009.75,464.25,558.25,2433538.0
2025-03-24,5767.56982421875,18188.58984375,73.0,69.11000061035156,3013.10009765625,104.26000213623047,4.330999851226807,43.72462844848633,86.7772445678711,1007.25,464.5,548.25,
2025-03-25,5776.64990234375,18271.859375,73.0199966430664,69.0,3023.699951171875,104.18000030517578,4.307000160217285,43.597694396972656,86.86315155029297,1001.75,457.75,543.25,2487680.0
2025-03-26,5712.2001953125,17899.01953125,73.79000091552734,69.6500015258789,3020.89990234375,104.55000305175781,4.3379998207092285,43.33405685424805,86.36686706542969,1001.0,451.25,535.25,2439966.0
2025-03-27,5693.31005859375,17804.029296875,74.02999877929688,69.91999816894531,3060.199951171875,104.06999969482422,4.36899995803833,43.54887008666992,86.17596435546875,1016.75,450.0,532.0,2412082.0
2025-03-28,5580.93994140625,17322.990234375,73.62999725341797,69.36000061035156,3086.5,104.04000091552734,4.255000114440918,42.738433837890625,86.2713851928711,1023.0,453.25,528.25,2378563.0
2025-03-31,5611.85009765625,17299.2890625,74.73999786376953,71.4800033569336,3122.800048828125,104.20999908447266,4.245999813079834,42.67008590698242,86.46229553222656,1014.75,457.25,537.0,2338761.0
2025-04-01,5633.06982421875,17449.890625,74.48999786376953,71.19999694824219,3118.89990234375,104.26000213623047,4.156000137329102,42.806785583496094,86.74031066894531,1034.25,461.75,540.5,2356531.0
2025-04-02,5670.97021484375,17601.05078125,74.94999694824219,71.70999908447266,3139.89990234375,103.80999755859375,4.196000099182129,42.86537170410156,86.70196533203125,1029.5,457.75,539.25,
2025-04-03,5396.52001953125,16550.609375,70.13999938964844,66.94999694824219,3097.0,102.06999969482422,4.054999828338623,41.95729064941406,86.18429565429688,1011.5,457.5,536.0,2275659.0
2025-04-04,5074.080078125,15587.7900390625,65.58000183105469,61.9900016784668,3012.0,103.0199966430664,3.984999895095825,39.62361526489258,84.92842102050781,977.0,460.25,529.0,2107816.0
2025-04-07,5062.25,15603.259765625,64.20999908447266,60.70000076293945,2951.300048828125,103.26000213623047,4.15500020980835,38.149200439453125,83.55754089355469,983.0,464.5,536.5,2025967.0
2025-04-08,4982.77001953125,15267.91015625,62.81999969482422,59.58000183105469,2968.39990234375,102.95999908447266,4.26200008392334,37.61216354370117,82.96316528320312,992.75,469.0,540.0,1990621.0
2025-04-09,5456.89990234375,17124.970703125,65.4800033569336,62.349998474121094,3056.5,102.9000015258789,4.400000095367432,40.21923828125,85.10099029541016,1012.75,474.0,542.25,2182907.0
2025-04-10,5268.0498046875,16387.310546875,63.33000183105469,60.06999969482422,3155.199951171875,100.87000274658203,4.394000053405762,39.525970458984375,83.45207977294922,1029.0,483.0,538.0,2111490.0
2025-04-11,5363.35986328125,16724.4609375,64.76000213623047,61.5,3222.199951171875,99.77999877929688,4.493000030517578,40.76604080200195,83.74927520751953,1042.75,490.25,555.75,2248803.0
2025-04-14,5405.97021484375,16831.48046875,64.87999725341797,61.529998779296875,3204.800048828125,99.63999938964844,4.363999843597412,41.1370849609375,84.62165069580078,1041.75,485.0,547.5,2364950.0
2025-04-15,5396.6298828125,16823.169921875,64.66999816894531,61.33000183105469,3218.699951171875,100.22000122070312,4.322999954223633,41.098026275634766,84.88050842285156,1036.0,481.25,542.0,2284280.0
2025-04-16,5275.7001953125,16307.16015625,65.8499984741211,62.470001220703125,3326.60009765625,99.37999725341797,4.2789998054504395,40.61957550048828,84.90927124023438,1038.75,484.25,547.75,2177975.0
2025-04-17,5282.7001953125,16286.4501953125,67.95999908447266,64.68000030517578,3308.699951171875,99.37999725341797,4.333000183105469,40.93203353881836,85.1297607421875,1036.5,482.25,548.75,
2025-04-21,5158.2001953125,15870.900390625,66.26000213623047,63.08000183105469,3406.199951171875,98.27999877929688,4.40500020980835,40.92226791381836,84.1423110961914,1029.5,481.75,538.5,2045707.0
2025-04-22,5287.759765625,16300.419921875,67.44000244140625,64.30999755859375,3400.800048828125,98.91999816894531,4.388999938964844,41.53742218017578,85.01471710205078,1035.0,475.75,535.5,2163891.0
2025-04-23,5375.85986328125,16708.05078125,66.12000274658203,62.27000045776367,3276.300048828125,99.83999633789062,4.38700008392334,42.015872955322266,85.38858032226562,1040.25,472.0,528.25,2239402.0
2025-04-24,5484.77001953125,17166.0390625,66.55000305175781,62.790000915527344,3332.0,99.29000091552734,4.304999828338623,42.504085540771484,86.29930877685547,1053.0,477.25,529.25,2232745.0
2025-04-25,5525.2099609375,17382.939453125,66.87000274658203,63.02000045776367,3282.39990234375,99.47000122070312,4.265999794006348,42.42597198486328,86.64445495605469,1049.75,478.75,530.0,2225243.0
2025-04-28,5528.75,17366.130859375,65.86000061035156,62.04999923706055,3332.5,99.01000213623047,4.216000080108643,42.504085540771484,86.74031066894531,1052.0,475.5,515.5,2179249.0
2025-04-29,5560.830078125,17461.3203125,64.25,60.41999816894531,3318.800048828125,99.23999786376953,4.172999858856201,42.62126159667969,86.85533905029297,1041.0,460.5,505.75,2158848.0
2025-04-30,5569.06005859375,17446.33984375,63.119998931884766,58.209999084472656,3305.0,99.47000122070312,4.177000045776367,42.728668212890625,86.2417984008789,1034.75,467.25,513.0,2100844.0
2025-05-01,5604.14013671875,17710.740234375,62.130001068115234,59.2400016784668,3210.0,100.25,4.230999946594238,42.718902587890625,86.2822494506836,1040.25,464.25,515.25,
2025-05-02,5686.669921875,17977.73046875,61.290000915527344,58.290000915527344,3231.89990234375,100.0,4.322000026702881,43.93944549560547,86.05113983154297,1048.75,461.25,526.5,
2025-05-05,5650.3798828125,17844.240234375,60.22999954223633,57.130001068115234,3311.300048828125,99.83000183105469,4.3429999351501465,44.27143096923828,85.87779998779297,1038.0,446.5,514.25,2059932.0
2025-05-06,5606.91015625,17689.66015625,62.150001525878906,59.09000015258789,3411.39990234375,99.23999786376953,4.308000087738037,44.09567642211914,86.23410034179688,1034.75,447.5,519.0,2129994.0
2025-05-07,5631.27978515625,17738.16015625,61.119998931884766,58.06999969482422,3381.39990234375,99.61000061035156,4.275000095367432,43.58792495727539,86.57115173339844,1030.5,441.0,518.0,2059915.0
2025-05-08,5663.93994140625,17928.140625,62.84000015258789,59.90999984741211,3296.60009765625,100.63999938964844,4.373000144958496,43.55863571166992,86.22445678710938,1036.75,439.0,513.0,2061722.0
2025-05-09,5659.91015625,17928.919921875,63.90999984741211,61.02000045776367,3335.39990234375,100.33999633789062,4.375,43.8515625,86.35928344726562,1044.0,441.5,505.5,2114386.0
2025-05-12,5844.18994140625,18708.33984375,64.95999908447266,61.95000076293945,3220.0,101.79000091552734,4.456999778747559,44.7987060546875,86.86003112792969,1066.0,440.25,499.0,2230395.0
2025-05-13,5886.5498046875,19010.08984375,66.62999725341797,63.66999816894531,3240.300048828125,101.0,4.499000072479248,44.87681579589844,86.93707275390625,1067.25,436.0,501.5,2285483.0
2025-05-14,5892.580078125,19146.810546875,66.08999633789062,63.150001525878906,3181.39990234375,101.04000091552734,4.5279998779296875,45.218570709228516,86.64818572998047,1067.0,438.5,508.75,2301643.0
2025-05-15,5916.93017578125,19112.3203125,64.52999877929688,61.619998931884766,3220.699951171875,100.87999725341797,4.454999923706055,45.199039459228516,86.93707275390625,1051.25,448.5,532.75,2298473.0
2025-05-16,5958.3798828125,19211.099609375,65.41000366210938,62.4900016784668,3182.0,101.08999633789062,4.440999984741211,45.16974639892578,87.10076904296875,1050.0,443.5,525.0,2318360.0
2025-05-19,5963.60009765625,19215.4609375,65.54000091552734,62.689998626708984,3228.89990234375,100.43000030517578,4.474999904632568,45.267391204833984,87.1585464477539,1050.75,447.5,529.0,2369505.0
2025-05-20,5940.4599609375,19142.7109375,65.37999725341797,62.560001373291016,3280.300048828125,100.12000274658203,4.480999946594238,45.218570709228516,87.02375030517578,1053.0,454.5,546.0,2378464.0
2025-05-21,5844.60986328125,18872.640625,64.91000366210938,61.56999969482422,3309.300048828125,99.55999755859375,4.5960001945495605,45.10139846801758,86.22445678710938,1062.75,461.0,549.25,2319549.0
2025-05-22,5842.009765625,18925.740234375,64.44000244140625,61.20000076293945,3292.300048828125,99.95999908447266,4.552999973297119,44.954933166503906,86.51335906982422,1067.5,463.0,544.5,2314897.0
2025-05-23,5802.81982421875,18737.2109375,64.77999877929688,61.529998779296875,3363.60009765625,99.11000061035156,4.508999824523926,45.14045333862305,86.60002899169922,1060.25,459.5,542.5,2345902.0
2025-05-26,,,,,,98.93000030517578,,,,,,,2370800.0
2025-05-27,5921.5400390625,19199.16015625,64.08999633789062,60.88999938964844,3299.10009765625,99.5199966430664,4.434000015258789,45.03304672241211,87.1296615600586,1062.5,459.5,528.5,2355098.0
2025-05-28,5888.5498046875,19100.939453125,64.9000015258789,61.84000015258789,3293.60009765625,99.87999725341797,4.4770002365112305,44.82799530029297,86.94670104980469,1048.5,451.0,530.25,2344330.0
2025-05-29,5912.169921875,19175.869140625,64.1500015258789,60.939998626708984,3317.10009765625,99.27999877929688,4.423999786376953,44.993995666503906,87.24520874023438,1051.75,447.0,534.0,2308056.0
2025-05-30,5911.68994140625,19113.76953125,63.900001525878906,60.790000915527344,3288.89990234375,99.33000183105469,4.415999889373779,44.44718933105469,87.24520874023438,1041.75,444.0,534.0,2278992.0
2025-06-02,5935.93994140625,19242.609375,64.62999725341797,62.52000045776367,3370.60009765625,98.69999694824219,4.461999893188477,44.7694091796875,87.21135711669922,1033.5,438.25,539.0,2206291.0
2025-06-03,5970.3701171875,19398.9609375,65.62999725341797,63.40999984741211,3350.199951171875,99.25,4.460000038146973,44.87681579589844,87.49187469482422,1040.75,438.5,536.0,2224638.0
2025-06-04,5970.81005859375,19460.490234375,64.86000061035156,62.849998474121094,3373.5,98.79000091552734,4.364999771118164,45.43338394165039,87.82077026367188,1045.0,438.75,543.25,2126915.0
2025-06-05,5939.2998046875,19298.44921875,65.33999633789062,63.369998931884766,3350.699951171875,98.73999786376953,4.394000053405762,45.667728424072266,87.60795593261719,1051.75,439.5,545.5,2124156.0
2025-06-06,6000.35986328125,19529.94921875,66.47000122070312,64.58000183105469,3322.699951171875,99.19000244140625,4.510000228881836,45.81419372558594,87.4725341796875,1057.25,442.5,554.75,2156778.0
2025-06-09,6005.8798828125,19591.240234375,67.04000091552734,65.29000091552734,3332.10009765625,98.94000244140625,4.48199987411499,46.20476531982422,87.69502258300781,1056.0,433.5,542.0,2111197.0
2025-06-10,6038.81005859375,19714.990234375,66.87000274658203,64.9800033569336,3320.89990234375,99.05000305175781,4.473999977111816,46.46840286254883,88.08193969726562,1057.75,438.75,534.5,2202667.0
2025-06-11,6022.240234375,19615.880859375,69.7699966430664,68.1500015258789,3321.300048828125,98.62999725341797,4.4120001792907715,46.663692474365234,88.34310150146484,1050.5,437.0,534.25,2171272.0
2025-06-12,6045.259765625,19662.490234375,69.36000061035156,68.04000091552734,3380.89990234375,97.91999816894531,4.35699987411499,46.74180221557617,88.49786376953125,1042.25,438.5,526.5,2187671.0
2025-06-13,5976.97021484375,19406.830078125,74.2300033569336,72.9800033569336,3431.199951171875,98.18000030517578,4.423999786376953,45.999717712402344,87.93683624267578,1069.75,444.5,543.75,2127156.0
2025-06-16,6033.10986328125,19701.2109375,73.2300033569336,71.7699966430664,3396.39990234375,98.0,4.452000141143799,46.56364440917969,88.03356170654297,1069.75,434.75,536.5,
2025-06-17,5982.72021484375,19521.08984375,76.44999694824219,74.83999633789062,3386.60009765625,98.81999969482422,4.39300012588501,45.952392578125,88.10127258300781,1074.0,431.5,549.0,2072440.0
2025-06-18,5980.8701171875,19546.26953125,76.69999694824219,75.13999938964844,3389.800048828125,98.91000366210938,4.396999835968018,45.94253158569336,88.0432357788086,1074.75,433.5,574.25,2050983.0
2025-06-19,,,,,,,,,,,,,2064099.0
2025-06-20,5967.83984375,19447.41015625,77.01000213623047,74.93000030517578,3368.10009765625,98.70999908447266,4.375,45.67634582519531,88.1593246459961,1068.0,428.75,567.75,
2025-06-23,6025.169921875,19630.970703125,71.4800033569336,68.51000213623047,3377.699951171875,98.41999816894531,4.320000171661377,46.05097961425781,88.41081237792969,1058.75,419.25,552.75,1977116.0
2025-06-24,6092.18017578125,19912.529296875,67.13999938964844,64.37000274658203,3317.39990234375,97.86000061035156,4.293000221252441,47.2439079284668,88.94281768798828,1046.75,416.25,535.75,2064590.0
2025-06-25,6092.16015625,19973.55078125,67.68000030517578,64.91999816894531,3327.10009765625,97.68000030517578,4.293000221252441,47.28334426879883,88.89447021484375,1025.25,410.25,528.25,2024393.0
2025-06-26,6141.02001953125,20167.91015625,67.7300033569336,65.23999786376953,3333.5,97.1500015258789,4.252999782562256,47.59883117675781,89.16529846191406,1022.75,409.5,521.0,2038948.0
2025-06-27,6173.06982421875,20273.4609375,67.7699966430664,65.5199966430664,3273.699951171875,97.4000015258789,4.2829999923706055,47.4115104675293,89.0879135131836,1027.75,417.5,524.75,2041078.0
2025-06-30,6204.9501953125,20369.73046875,67.61000061035156,65.11000061035156,3294.39990234375,96.87999725341797,4.230000019073486,47.55939865112305,89.59090423583984,1024.25,420.5,528.75,1994825.0
2025-07-01,6198.009765625,20202.890625,67.11000061035156,65.44999694824219,3336.699951171875,96.81999969482422,4.250999927520752,47.648128509521484,89.76573181152344,1024.75,420.0,537.25,2031093.0
2025-07-02,6227.419921875,20393.130859375,69.11000061035156,67.44999694824219,3348.0,96.77999877929688,4.293000221252441,47.85516357421875,89.6783218383789,1050.5,429.25,556.0,2063027.0
2025-07-03,6279.35009765625,20601.099609375,68.80000305175781,67.0,3331.60009765625,97.18000030517578,4.3480000495910645,48.07205581665039,89.83372497558594,1056.25,431.5,547.75,2078161.0
2025-07-04,,,68.29000091552734,66.5,3332.5,,,,,,,,2078697.0
2025-07-07,6229.97998046875,20412.51953125,69.58000183105469,67.93000030517578,3332.199951171875,97.4800033569336,4.394999980926514,47.39179229736328,89.3772201538086,1031.75,418.0,539.75,2049934.0
2025-07-08,6225.52001953125,20418.4609375,70.1500015258789,68.33000183105469,3307.0,97.51000213623047,4.414999961853027,47.68756103515625,89.09556579589844,1024.25,411.0,543.0,2129786.0
2025-07-09,6263.259765625,20611.33984375,70.19000244140625,68.37999725341797,3311.60009765625,97.47000122070312,4.3420000076293945,47.60869216918945,89.72689819335938,1012.25,412.5,542.75,
2025-07-10,6280.4599609375,20630.66015625,68.63999938964844,66.56999969482422,3317.39990234375,97.6500015258789,4.3460001945495605,47.736854553222656,89.59090423583984,1012.5,407.25,550.25,2068736.0
2025-07-11,6259.75,20585.529296875,70.36000061035156,68.44999694824219,3356.0,97.8499984741211,4.422999858856201,47.5791130065918,89.12468719482422,1004.0,403.0,540.75,2007433.0
2025-07-14,6268.56005859375,20640.330078125,69.20999908447266,66.9800033569336,3351.5,98.08000183105469,4.427000045776367,47.648128509521484,89.1343994140625,997.0,412.75,534.0,2064025.0
2025-07-15,6243.759765625,20677.80078125,68.70999908447266,66.5199966430664,3329.800048828125,98.62000274658203,4.488999843597412,47.993186950683594,88.8915786743164,995.0,401.25,538.0,2075072.0
2025-07-16,6263.7001953125,20730.490234375,68.5199966430664,66.37999725341797,3352.5,98.38999938964844,4.454999923706055,48.21994400024414,88.95957946777344,1013.5,405.25,541.25,2027274.0
2025-07-17,6297.35986328125,20885.650390625,69.5199966430664,67.54000091552734,3340.10009765625,98.7300033569336,4.4629998207092285,48.49599075317383,89.05671691894531,1021.5,402.0,533.5,2066134.0
2025-07-18,6296.7900390625,20895.650390625,69.27999877929688,67.33999633789062,3353.0,98.4800033569336,4.432000160217285,48.38754653930664,89.25096130371094,1027.75,408.5,546.25,2075286.0
2025-07-21,6305.60009765625,20974.1796875,69.20999908447266,67.19999694824219,3401.89990234375,97.8499984741211,4.372000217437744,48.70302963256836,89.59090423583984,1015.0,403.75,542.25,2042466.0
2025-07-22,6309.6201171875,20892.689453125,68.58999633789062,66.20999908447266,3439.199951171875,97.38999938964844,4.335999965667725,48.73260498046875,89.7463150024414,1010.25,399.25,549.5,2010482.0
2025-07-23,6358.91015625,21020.01953125,68.51000213623047,65.25,3394.10009765625,97.20999908447266,4.388000011444092,49.22555160522461,89.78517150878906,1005.75,398.5,540.5,2083677.0
2025-07-24,6363.35009765625,21057.9609375,69.18000030517578,66.02999877929688,3371.0,97.37999725341797,4.4079999923706055,48.9593620300293,89.76573181152344,1004.25,401.75,541.5,2135087.0
2025-07-25,6388.64013671875,21108.3203125,68.44000244140625,65.16000366210938,3334.0,97.6500015258789,4.386000156402588,48.81147384643555,90.05712127685547,998.75,399.5,538.25,2197099.0
2025-07-28,6389.77001953125,21178.580078125,70.04000091552734,66.70999908447266,3309.10009765625,98.66000366210938,4.420000076293945,48.48613357543945,89.99885559082031,988.75,393.75,538.5,2213570.0
2025-07-29,6370.85986328125,21098.2890625,72.51000213623047,69.20999908447266,3323.39990234375,98.91000366210938,4.329999923706055,48.50585174560547,90.33880615234375,981.75,389.25,529.75,2304343.0
2025-07-30,6362.89990234375,21129.669921875,73.23999786376953,70.0,3295.800048828125,99.94000244140625,4.375999927520752,48.15092849731445,90.18338775634766,967.75,391.75,523.75,2306756.0
2025-07-31,6339.39013671875,21122.44921875,72.52999877929688,69.26000213623047,3293.199951171875,100.02999877929688,4.360000133514404,47.874881744384766,90.20281982421875,961.75,394.0,523.25,2319511.0
2025-08-01,6238.009765625,20650.130859375,69.66999816894531,67.33000183105469,3347.699951171875,98.69000244140625,4.21999979019165,47.519962310791016,90.45744323730469,961.75,389.5,516.75,2278849.0
2025-08-04,6329.93994140625,21053.580078125,68.76000213623047,66.29000091552734,3374.39990234375,98.77999877929688,4.199999809265137,48.01290512084961,90.9062271118164,969.0,387.0,516.75,2287329.0
2025-08-05,6299.18994140625,20916.55078125,67.63999938964844,65.16000366210938,3381.89990234375,98.77999877929688,4.196000099182129,48.15092849731445,90.9062271118164,969.0,381.5,508.25,2346867.0
2025-08-06,6345.06005859375,21169.419921875,66.88999938964844,64.3499984741211,3380.0,98.18000030517578,4.21999979019165,48.377685546875,90.96475219726562,961.5,379.75,508.5,2415041.0
2025-08-07,6340.0,21242.69921875,66.43000030517578,63.880001068115234,3400.300048828125,98.4000015258789,4.24399995803833,48.781898498535156,91.1013412475586,971.75,384.5,518.25,2349021.0
2025-08-08,6389.4501953125,21450.01953125,66.58999633789062,63.880001068115234,3439.10009765625,98.18000030517578,4.284999847412109,48.742462158203125,91.1013412475586,966.75,382.75,514.5,2300926.0
2025-08-11,6373.4501953125,21385.400390625,66.62999725341797,63.959999084472656,3353.10009765625,98.5199966430664,4.2729997634887695,48.60443878173828,91.21841430664062,989.5,385.0,515.0,2303302.0
2025-08-12,6445.759765625,21681.900390625,66.12000274658203,63.16999816894531,3348.89990234375,98.0999984741211,4.293000221252441,49.19597625732422,91.39402770996094,1011.75,371.5,505.0,2311836.0
2025-08-13,6466.580078125,21713.140625,65.62999725341797,62.650001525878906,3358.699951171875,97.83999633789062,4.23799991607666,49.78750991821289,91.84278869628906,1023.5,374.0,507.25,2287631.0
2025-08-14,6468.5400390625,21710.669921875,66.83999633789062,63.959999084472656,3335.199951171875,98.25,4.293000221252441,49.1762580871582,91.63790893554688,1008.5,375.0,503.5,2188543.0
2025-08-15,6449.7998046875,21622.98046875,65.8499984741211,62.79999923706055,3336.0,97.8499984741211,4.328000068664551,49.235408782958984,91.55987548828125,1022.25,383.75,506.5,
2025-08-18,6449.14990234375,21629.76953125,66.5999984741211,63.41999816894531,3331.699951171875,98.16999816894531,4.341000080108643,49.52132034301758,91.6476821899414,1020.75,383.0,502.75,2198382.0
2025-08-19,6411.3701171875,21314.94921875,65.79000091552734,62.349998474121094,3313.39990234375,98.2699966430664,4.302000045776367,49.117103576660156,91.68670654296875,1013.0,379.5,498.5,2092206.0
2025-08-20,6395.77978515625,21172.859375,66.83999633789062,63.209999084472656,3343.39990234375,98.22000122070312,4.296000003814697,49.048091888427734,91.54035949707031,1015.0,380.0,505.5,2081951.0
2025-08-21,6370.169921875,21100.310546875,67.66999816894531,63.52000045776367,3336.89990234375,98.62000274658203,4.329999923706055,48.93964385986328,91.2476806640625,1034.5,387.25,507.0,2103163.0
2025-08-22,6466.91015625,21496.5390625,67.7300033569336,63.65999984741211,3374.39990234375,97.72000122070312,4.260000228881836,49.91567611694336,91.91108703613281,1036.5,388.25,504.75,2106200.0
2025-08-25,6439.31982421875,21449.2890625,68.80000305175781,64.80000305175781,3373.800048828125,98.43000030517578,4.275000095367432,49.62976837158203,91.55010986328125,1025.5,389.25,506.75,2021852.0
2025-08-26,6465.93994140625,21544.26953125,67.22000122070312,63.25,3388.60009765625,98.2300033569336,4.257999897003174,49.50160217285156,91.53060913085938,1028.75,387.5,509.5,2033345.0
2025-08-27,6481.39990234375,21590.140625,68.05000305175781,64.1500015258789,3404.60009765625,98.2300033569336,4.23799991607666,49.205833435058594,91.42329406738281,1027.25,382.5,502.25,1974151.0
2025-08-28,6501.85986328125,21705.16015625,68.62000274658203,64.5999984741211,3431.800048828125,97.80999755859375,4.206999778747559,49.393150329589844,91.95986938476562,1028.25,385.5,510.25,1997379.0
2025-08-29,6460.259765625,21455.55078125,68.12000274658203,64.01000213623047,3473.699951171875,97.7699966430664,4.2270002365112305,49.15653991699219,91.82328796386719,1036.75,398.0,518.0,1984845.0
2025-09-01,,,,,,,,,,,,,1939743.0
2025-09-02,6415.5400390625,21279.630859375,69.13999938964844,65.58999633789062,3549.39990234375,98.4000015258789,4.2769999504089355,49.117103576660156,91.47251892089844,1025.75,403.0,513.0,1975730.0
2025-09-03,6448.259765625,21497.73046875,67.5999984741211,63.970001220703125,3593.199951171875,98.13999938964844,4.210999965667725,49.304420471191406,91.86444091796875,1016.0,397.75,504.0,1933987.0
2025-09-04,6502.080078125,21707.689453125,66.98999786376953,63.47999954223633,3565.800048828125,98.3499984741211,4.176000118255615,49.14667892456055,92.2269515991211,1012.0,399.75,502.25,1990320.0
2025-09-05,6481.5,21700.390625,65.5,61.869998931884766,3613.199951171875,97.7699966430664,4.085999965667725,49.738216400146484,92.8442153930664,1006.5,399.0,501.0,1997624.0
2025-09-08,6495.14990234375,21798.69921875,66.0199966430664,62.2599983215332,3638.10009765625,97.44999694824219,4.046000003814697,50.19172668457031,92.83441162109375,1013.5,403.0,505.5,1732924.0
2025-09-09,6512.60986328125,21879.490234375,66.38999938964844,62.630001068115234,3643.300048828125,97.79000091552734,4.073999881744385,50.4677734375,92.7462387084961,1011.5,401.25,500.75,1728447.0
2025-09-10,6532.0400390625,21886.060546875,67.48999786376953,63.66999816894531,3643.60009765625,97.77999877929688,4.0320000648498535,50.81283950805664,93.25572967529297,1005.5,397.25,495.0,1825228.0
2025-09-11,6587.47021484375,22043.0703125,66.37000274658203,62.369998931884766,3636.89990234375,97.54000091552734,4.011000156402588,51.5522575378418,93.59864807128906,1015.25,399.0,503.0,1805182.0
2025-09-12,6584.2900390625,22141.099609375,66.98999786376953,62.689998626708984,3649.39990234375,97.55000305175781,4.060999870300293,51.52267837524414,93.32431030273438,1025.75,399.0,503.0,1759874.0
2025-09-15,6615.27978515625,22348.75,67.44000244140625,63.29999923706055,3682.199951171875,97.30000305175781,4.033999919891357,51.897315979003906,93.65743255615234,1042.75,423.25,525.0,1748702.0
2025-09-16,6606.759765625,22333.9609375,68.47000122070312,64.5199966430664,3688.89990234375,96.62999725341797,4.026000022888184,52.28181457519531,93.59864807128906,1049.75,429.5,534.0,1788269.0
2025-09-17,6600.35009765625,22261.330078125,67.94999694824219,64.05000305175781,3681.800048828125,96.87000274658203,4.076000213623047,52.508567810058594,93.54966735839844,1043.75,426.75,528.25,1783520.0
2025-09-18,6631.9599609375,22470.720703125,67.44000244140625,63.56999969482422,3643.699951171875,97.3499984741211,4.104000091552734,52.38040542602539,93.15774536132812,1037.5,423.75,524.25,1695530.0
2025-09-19,6664.35986328125,22631.48046875,66.68000030517578,62.68000030517578,3671.5,97.63999938964844,4.138999938964844,52.2620964050293,93.05977630615234,1025.5,424.0,522.5,1683960.0
2025-09-22,6693.75,22788.98046875,66.56999969482422,62.63999938964844,3740.699951171875,97.33000183105469,4.14300012588501,52.518428802490234,93.26553344726562,1011.0,421.75,510.75,1811039.0
2025-09-23,6656.919921875,22573.470703125,67.62999725341797,63.40999984741211,3780.60009765625,97.26000213623047,4.119999885559082,52.548004150390625,93.62803649902344,1012.0,426.25,520.5,1815382.0
2025-09-24,6637.97021484375,22497.859375,69.30999755859375,64.98999786376953,3732.10009765625,97.87000274658203,4.146999835968018,52.37054443359375,93.56925201416016,1009.0,424.25,519.5,1843319.0
2025-09-25,6604.72021484375,22384.69921875,69.41999816894531,64.9800033569336,3736.89990234375,98.55000305175781,4.171999931335449,52.064918518066406,93.3341064453125,1012.25,425.75,527.0,1767848.0
2025-09-26,6643.7001953125,22484.0703125,70.12999725341797,65.72000122070312,3775.300048828125,98.1500015258789,4.186999797821045,51.96632766723633,93.3047103881836,1013.75,422.0,519.75,1791046.0
2025-09-29,6661.2099609375,22591.150390625,67.97000122070312,63.45000076293945,3820.89990234375,97.91000366210938,4.140999794006348,52.43955612182617,93.46148681640625,1010.5,421.5,519.5,1793185.0
2025-09-30,6688.4599609375,22660.009765625,67.0199966430664,62.369998931884766,3840.800048828125,97.7699966430664,4.1479997634887695,52.6465950012207,93.26553344726562,1001.75,415.5,508.0,1773440.0
2025-10-01,6711.2001953125,22755.16015625,65.3499984741211,61.779998779296875,3867.5,97.70999908447266,4.105999946594238,53.0606689453125,93.58330535888672,1013.0,416.5,509.25,1764590.0
2025-10-02,6715.35009765625,22844.05078125,64.11000061035156,60.47999954223633,3839.699951171875,97.8499984741211,4.0879998207092285,53.3071403503418,93.63249206542969,1023.75,421.75,514.75,1808661.0
2025-10-03,6715.7900390625,22780.509765625,64.52999877929688,60.880001068115234,3880.800048828125,97.72000122070312,4.11899995803833,53.464881896972656,93.6718521118164,1018.0,419.0,515.25,1805024.0
2025-10-06,6740.27978515625,22941.669921875,65.47000122070312,61.689998626708984,3948.5,98.11000061035156,4.1620001792907715,53.71135711669922,93.55378723144531,1017.75,421.75,512.75,1802570.0
2025-10-07,6714.58984375,22788.359375,65.44999694824219,61.72999954223633,3976.60009765625,98.58000183105469,4.126999855041504,53.29728317260742,93.51443481445312,1022.0,419.75,506.75,1793952.0
2025-10-08,6753.72021484375,23043.380859375,66.25,62.54999923706055,4043.300048828125,98.8499984741211,4.129000186920166,53.72121810913086,93.5636215209961,1029.5,422.0,507.25,1819464.0
2025-10-09,6735.10986328125,23024.630859375,65.22000122070312,61.5099983215332,3946.300048828125,99.54000091552734,4.1479997634887695,53.16911697387695,93.51443481445312,1022.25,418.25,506.5,1924930.0
2025-10-10,6552.509765625,22204.4296875,62.72999954223633,58.900001525878906,3975.89990234375,98.9800033569336,4.051000118255615,51.207191467285156,93.10121154785156,1006.75,413.0,498.5,
2025-10-13,6654.72021484375,22694.609375,63.31999969482422,59.4900016784668,4108.60009765625,99.2699966430664,4.051000118255615,52.69588851928711,93.74072265625,1007.75,410.75,496.75,1958155.0
2025-10-14,6644.31005859375,22521.69921875,62.38999938964844,58.70000076293945,4138.7001953125,99.05000305175781,4.021999835968018,52.22266387939453,93.70137023925781,1006.5,413.0,500.25,1884774.0
2025-10-15,6671.06005859375,22670.080078125,61.90999984741211,58.27000045776367,4176.89990234375,98.79000091552734,4.046000003814697,53.080387115478516,94.02603149414062,1006.5,416.75,498.75,1912739.0
2025-10-16,6629.06982421875,22562.5390625,61.060001373291016,57.459999084472656,4280.2001953125,98.38999938964844,3.9760000705718994,53.425445556640625,94.16377258300781,1010.75,421.75,502.5,1929505.0
2025-10-17,6664.009765625,22679.970703125,61.290000915527344,57.540000915527344,4189.89990234375,98.43000030517578,4.006999969482422,53.41558837890625,94.19328308105469,1019.5,422.5,503.75,1989555.0
2025-10-20,6735.1298828125,22990.5390625,61.0099983215332,57.52000045776367,4336.39990234375,98.58999633789062,3.9860000610351562,54.14514923095703,94.60650634765625,1031.75,423.25,504.75,1978419.0
2025-10-21,6735.35009765625,22953.669921875,61.31999969482422,57.81999969482422,4087.699951171875,98.93000030517578,3.9630000591278076,53.543758392333984,94.72456359863281,1030.75,419.75,500.25,2002849.0
2025-10-22,6699.39990234375,22740.400390625,62.59000015258789,58.5,4044.39990234375,98.9000015258789,3.953000068664551,53.49446105957031,94.52780151367188,1034.75,423.0,503.75,2018811.0
2025-10-23,6738.43994140625,22941.80078125,65.98999786376953,61.790000915527344,4125.5,98.94000244140625,3.990999937057495,53.967689514160156,94.45892333984375,1044.75,428.0,513.0,2055520.0
2025-10-24,6791.68994140625,23204.869140625,65.94000244140625,61.5,4118.39990234375,98.94999694824219,3.996999979019165,54.322608947753906,94.73440551757812,1041.75,423.25,512.5,2076859.0
2025-10-27,6875.16015625,23637.4609375,65.62000274658203,61.310001373291016,4001.89990234375,98.77999877929688,3.996999979019165,54.92400360107422,95.46244812011719,1067.25,428.75,526.0,2529084.0
2025-10-28,6890.89013671875,23827.490234375,64.4000015258789,60.150001525878906,3966.199951171875,98.69000244140625,3.9830000400543213,54.9042854309082,95.46244812011719,1078.25,432.0,529.0,2670388.0
2025-10-29,6890.58984375,23958.470703125,64.91999816894531,60.47999954223633,3983.699951171875,99.22000122070312,4.058000087738037,55.21976852416992,95.03939819335938,1080.25,434.0,532.25,2801881.0
2025-10-30,6822.33984375,23581.140625,65.0,60.56999969482422,4001.300048828125,99.52999877929688,4.0929999351501465,54.647953033447266,94.93116760253906,1091.25,430.25,524.25,2793520.0
2025-10-31,6840.2001953125,23724.9609375,65.06999969482422,60.97999954223633,3982.199951171875,99.80000305175781,4.10099983215332,54.5197868347168,95.10826873779297,1099.75,431.5,534.0,3002607.0
2025-11-03,6851.97021484375,23834.720703125,64.88999938964844,61.04999923706055,4000.300048828125,99.87000274658203,4.105999946594238,54.86485290527344,94.8296127319336,1119.75,434.25,543.5,3104495.0
2025-11-04,6771.5498046875,23348.640625,64.44000244140625,60.560001373291016,3947.699951171875,100.22000122070312,4.089000225067139,53.8592414855957,94.7209243774414,1108.25,431.5,550.25,3080710.0
2025-11-05,6796.2900390625,23499.80078125,63.52000045776367,59.599998474121094,3980.300048828125,100.19999694824219,4.1570000648498535,54.34232711791992,94.51342010498047,1119.75,435.25,554.75,3048197.0
2025-11-06,6720.31982421875,23053.990234375,63.380001068115234,59.43000030517578,3979.89990234375,99.7300033569336,4.0929999351501465,53.9381103515625,94.8296127319336,1091.75,428.75,535.5,2973544.0
2025-11-07,6728.7998046875,23004.5390625,63.630001068115234,59.75,3999.39990234375,99.5999984741211,4.0929999351501465,53.78036880493164,94.87901306152344,1101.75,427.25,527.75,2864647.0
2025-11-10,6832.43017578125,23527.169921875,64.05999755859375,60.130001068115234,4111.7998046875,99.62000274658203,4.110000133514404,54.72682189941406,95.09640502929688,1116.0,429.75,535.75,2951889.0
2025-11-11,6846.60986328125,23468.30078125,65.16000366210938,61.040000915527344,4106.7998046875,99.45999908447266,4.119999885559082,54.78597640991211,95.31379699707031,1113.25,432.0,536.0,2958258.0
2025-11-12,6850.919921875,23406.4609375,62.709999084472656,58.4900016784668,4204.39990234375,99.4800033569336,4.065000057220459,54.79583740234375,95.35331726074219,1120.5,435.25,536.0,2984608.0
2025-11-13,6737.490234375,22870.359375,63.0099983215332,58.689998626708984,4186.89990234375,99.18000030517578,4.111999988555908,54.15501022338867,94.88890075683594,1132.0,441.5,535.75,2883333.0
2025-11-14,6734.10986328125,22900.58984375,64.38999938964844,60.09000015258789,4087.60009765625,99.2699966430664,4.1479997634887695,54.18458557128906,94.8296127319336,1112.75,430.25,527.25,2992809.0
2025-11-17,6672.41015625,22708.0703125,64.19999694824219,59.90999984741211,4068.300048828125,99.58999633789062,4.132999897003174,53.543758392333984,94.84938049316406,1157.25,434.75,544.25,2926871.0
2025-11-18,6617.31982421875,22432.849609375,64.88999938964844,60.7400016784668,4061.300048828125,99.55000305175781,4.123000144958496,53.277565002441406,94.81973266601562,1153.5,436.75,546.5,2932664.0
2025-11-19,6642.16015625,22564.23046875,63.5099983215332,59.439998626708984,4077.699951171875,100.2300033569336,4.132999897003174,53.09024429321289,94.97783660888672,1136.25,429.75,536.75,2869724.0
2025-11-20,6538.759765625,22078.05078125,63.380001068115234,59.13999938964844,4056.5,100.16000366210938,4.105999946594238,52.360687255859375,94.75056457519531,1122.5,426.5,527.0,2850533.0
2025-11-21,6602.990234375,22273.080078125,62.560001373291016,58.060001373291016,4076.699951171875,100.18000030517578,4.063000202178955,52.350826263427734,95.00748443603516,1125.0,425.5,527.0,2761615.0
2025-11-24,6705.1201171875,22872.009765625,63.369998931884766,58.84000015258789,4091.89990234375,100.13999938964844,4.038000106811523,52.90292739868164,95.2051010131836,1123.25,423.75,522.25,
2025-11-25,6765.8798828125,23025.58984375,62.47999954223633,57.95000076293945,4139.2001953125,99.66000366210938,4.001999855041504,53.09024429321289,95.4521255493164,1124.75,423.5,527.25,2865760.0
2025-11-26,6812.60986328125,23214.689453125,63.130001068115234,58.650001525878906,4165.2001953125,99.5999984741211,3.997999906539917,53.47474670410156,95.55093383789062,1131.5,431.75,529.0,2985632.0
2025-11-27,,,,,,,,,,,,,3020019.0
2025-11-28,6849.08984375,23365.689453125,63.20000076293945,58.54999923706055,4218.2998046875,99.45999908447266,4.017000198364258,53.55361557006836,95.5805892944336,1137.75,435.5,531.0,3026470.0
2025-12-01,6812.6298828125,23275.919921875,63.16999816894531,59.31999969482422,4239.2998046875,99.41000366210938,4.0960001945495605,53.51417922973633,95.24530029296875,1128.0,432.75,530.25,3060289.0
2025-12-02,6829.3701171875,23413.669921875,62.45000076293945,58.63999938964844,4186.60009765625,99.36000061035156,4.085999965667725,53.533897399902344,95.64207458496094,1124.75,438.0,537.75,3042001.0
2025-12-03,6849.72021484375,23454.08984375,62.66999816894531,58.95000076293945,4199.2998046875,98.8499984741211,4.057000160217285,53.573333740234375,95.76111602783203,1115.75,431.5,537.75,3129449.0
2025-12-04,6857.1201171875,23505.140625,63.2599983215332,59.66999816894531,4211.7998046875,98.98999786376953,4.107999801635742,53.5634765625,95.6817626953125,1119.5,437.75,541.0,3096396.0
2025-12-05,6870.39990234375,23578.130859375,63.75,60.08000183105469,4212.89990234375,98.98999786376953,4.138999938964844,53.967689514160156,95.55281066894531,1105.25,436.75,537.5,3046355.0
2025-12-08,6846.509765625,23545.900390625,62.4900016784668,58.880001068115234,4187.2001953125,99.08999633789062,4.171999931335449,53.84938049316406,95.15603637695312,1093.75,436.25,536.0,
2025-12-09,6840.509765625,23576.490234375,61.939998626708984,58.25,4206.7001953125,99.22000122070312,4.185999870300293,53.760650634765625,95.07667541503906,1087.25,440.75,536.25,2987064.0
2025-12-10,6886.68017578125,23654.150390625,62.209999084472656,58.459999084472656,4196.39990234375,98.79000091552734,4.164000034332275,54.36204528808594,95.46353149414062,1091.25,434.75,531.25,3013647.0
2025-12-11,6901.0,23593.859375,61.279998779296875,57.599998474121094,4285.5,98.3499984741211,4.140999794006348,54.105712890625,95.53296661376953,1093.5,435.25,534.5,2980581.0
2025-12-12,6827.41015625,23195.169921875,61.119998931884766,57.439998626708984,4300.10009765625,98.4000015258789,4.193999767303467,53.47474670410156,95.4833755493164,1076.75,431.5,534.5,2979065.0
2025-12-15,6816.509765625,23057.41015625,60.560001373291016,56.81999969482422,4306.7001953125,98.1500015258789,4.182000160217285,53.31700134277344,95.61231994628906,1071.75,439.75,520.75,3012681.0
2025-12-16,6800.259765625,23111.4609375,58.91999816894531,55.27000045776367,4304.5,98.1500015258789,4.14900016784668,52.97999954223633,95.87022399902344,1062.75,436.5,509.5,3034429.0
2025-12-17,6721.43017578125,22693.3203125,59.68000030517578,55.939998626708984,4347.5,98.37000274658203,4.151000022888184,52.599998474121094,95.50321197509766,1058.25,440.5,506.25,3035517.0
2025-12-18,6774.759765625,23006.359375,59.81999969482422,56.150001525878906,4339.5,98.43000030517578,4.116000175476074,53.20000076293945,95.91981506347656,1052.25,444.5,507.75,3163224.0
2025-12-19,6834.5,23307.619140625,60.470001220703125,56.65999984741211,4361.39990234375,98.5999984741211,4.151000022888184,53.720001220703125,95.87301635742188,1049.25,443.75,509.75,3139467.0
2025-12-22,6878.490234375,23428.830078125,62.06999969482422,58.0099983215332,4444.60009765625,98.29000091552734,4.169000148773193,54.0099983215332,95.91284942626953,1053.25,447.0,515.5,3136090.0
2025-12-23,6909.7900390625,23561.83984375,62.380001068115234,58.380001068115234,4482.7998046875,97.94000244140625,4.169000148773193,54.310001373291016,95.8630599975586,1051.5,447.5,517.0,3114970.0
2025-12-24,6932.0498046875,23613.310546875,62.2400016784668,58.349998474121094,4480.60009765625,97.9800033569336,4.136000156402588,54.41999816894531,96.15186309814453,1063.25,451.0,521.75,3121145.0
2025-12-26,6929.93994140625,23593.099609375,60.63999938964844,56.7400016784668,4529.10009765625,98.0199966430664,4.136000156402588,54.79999923706055,96.14190673828125,1058.75,450.0,519.0,3112380.0
2025-12-29,6905.740234375,23474.349609375,61.939998626708984,58.08000183105469,4325.10009765625,98.04000091552734,4.116000175476074,54.65999984741211,96.19169616699219,1049.5,442.25,513.0,3100075.0
2025-12-30,6896.240234375,23419.080078125,61.91999816894531,57.95000076293945,4370.10009765625,98.23999786376953,4.130000114440918,54.880001068115234,96.07219696044922,1046.25,440.5,510.75,3051617.0
2025-12-31,6845.5,23241.990234375,60.849998474121094,57.41999816894531,4325.60009765625,98.27999877929688,4.163000106811523,54.709999084472656,95.88297271728516,1030.5,440.25,507.0,
2026-01-02,6858.47021484375,23235.630859375,60.75,57.31999969482422,4314.39990234375,98.41999816894531,4.186999797821045,56.2400016784668,95.90290069580078,1029.5,437.5,506.5,3126292.0
2026-01-05,6902.0498046875,23395.8203125,61.7599983215332,58.31999969482422,4436.89990234375,98.2699966430664,4.164999961853027,56.86000061035156,96.05227661132812,1047.25,444.5,512.5,3130197.0
2026-01-06,6944.81982421875,23547.169921875,60.70000076293945,57.130001068115234,4482.2001953125,98.58000183105469,4.178999900817871,57.279998779296875,95.95269012451172,1042.0,444.0,510.5,3112377.0
2026-01-07,6920.93017578125,23584.279296875,59.959999084472656,55.9900016784668,4449.2998046875,98.68000030517578,4.138000011444092,56.849998474121094,95.76347351074219,1052.75,446.75,518.0,3013957.0
2026-01-08,6921.4599609375,23480.01953125,61.9900016784668,57.7599983215332,4449.7001953125,98.93000030517578,4.183000087738037,56.869998931884766,95.61408996582031,1047.0,446.0,518.0,3074880.0
2026-01-09,6966.27978515625,23671.349609375,63.34000015258789,59.119998931884766,4490.2998046875,99.12999725341797,4.171000003814697,57.13999938964844,95.962646484375,1048.5,445.75,517.25,3089461.0
2026-01-12,6977.27001953125,23733.900390625,63.869998931884766,59.5,4604.2998046875,98.86000061035156,4.186999797821045,57.939998626708984,95.88297271728516,1033.0,421.5,511.25,3076947.0
2026-01-13,6963.740234375,23709.869140625,65.47000122070312,61.150001525878906,4589.2001953125,99.12999725341797,4.171000003814697,57.5099983215332,95.76347351074219,1023.25,419.75,510.5,3036293.0
2026-01-14,6926.60009765625,23471.75,66.5199966430664,62.02000045776367,4626.2998046875,99.12999725341797,4.139999866485596,57.75,95.962646484375,1030.5,422.0,512.5,2950111.0
2026-01-15,6944.47021484375,23530.01953125,63.7599983215332,59.189998626708984,4616.2998046875,99.31999969482422,4.159999847412109,58.09000015258789,96.00248718261719,1053.0,420.25,510.5,2926727.0
2026-01-16,6940.009765625,23515.390625,64.12999725341797,59.439998626708984,4588.39990234375,99.38999938964844,4.230999946594238,57.869998931884766,95.81326293945312,1057.75,424.75,518.0,2933230.0
2026-01-19,,,,,,,,,,,,,2912976.0
2026-01-20,6796.85986328125,22954.3203125,64.91999816894531,60.34000015258789,4759.60009765625,98.63999938964844,4.295000076293945,57.310001373291016,95.33525085449219,1053.0,423.75,510.25,2942092.0
2026-01-21,6875.6201171875,23224.8203125,65.23999786376953,60.619998931884766,4831.7998046875,98.76000213623047,4.252999782562256,58.2599983215332,96.1020736694336,1064.5,421.75,507.75,3047554.0
2026-01-22,6913.35009765625,23436.01953125,64.05999755859375,59.36000061035156,4908.7998046875,98.36000061035156,4.249000072479248,58.70000076293945,96.0821533203125,1064.0,424.0,515.5,3066435.0
2026-01-23,6915.60986328125,23501.240234375,65.87999725341797,61.06999969482422,4976.2001953125,97.5999984741211,4.238999843597412,59.06999969482422,96.3211669921875,1067.75,430.5,529.5,3093535.0
2026-01-26,6950.22998046875,23601.359375,65.58999633789062,60.630001068115234,5079.7001953125,97.04000091552734,4.2129998207092285,59.16999816894531,96.4207534790039,1061.75,428.25,522.5,3131277.0
2026-01-27,6978.60009765625,23817.099609375,67.56999969482422,62.38999938964844,5079.89990234375,96.22000122070312,4.2230000495910645,60.34000015258789,96.38091278076172,1067.25,426.5,523.25,3244320.0
2026-01-28,6978.02978515625,23857.44921875,68.4000015258789,63.209999084472656,5301.60009765625,96.44999694824219,4.250999927520752,60.75,96.26141357421875,1075.0,430.0,536.0,3230714.0
2026-01-29,6969.009765625,23685.119140625,70.70999908447266,65.41999816894531,5318.39990234375,96.27999877929688,4.2270002365112305,60.439998626708984,96.27136993408203,1072.25,430.75,541.5,3211242.0
2026-01-30,6939.02978515625,23461.8203125,70.69000244140625,65.20999908447266,4713.89990234375,96.98999786376953,4.241000175476074,59.099998474121094,96.1817398071289,1064.25,428.25,538.0,3199554.0
2026-02-02,6976.43994140625,23592.109375,66.30000305175781,62.13999938964844,4622.5,97.61000061035156,4.275000095367432,59.279998779296875,95.7435531616211,1060.25,425.75,527.75,3106672.0
2026-02-03,6917.81005859375,23255.189453125,67.33000183105469,63.209999084472656,4903.7001953125,97.44000244140625,4.27400016784668,59.599998474121094,95.76347351074219,1065.75,428.5,528.75,3038541.0
2026-02-04,6882.72021484375,22904.580078125,69.45999908447266,65.13999938964844,4920.39990234375,97.62000274658203,4.275000095367432,58.79999923706055,95.80330657958984,1092.25,429.5,526.75,3015927.0
2026-02-05,6798.39990234375,22540.58984375,67.55000305175781,63.290000915527344,4861.39990234375,97.81999969482422,4.210000038146973,58.529998779296875,96.04232025146484,1112.25,435.0,535.25,2932838.0
2026-02-06,6932.2998046875,23031.2109375,68.05000305175781,63.54999923706055,4951.2001953125,97.62999725341797,4.205999851226807,60.06999969482422,96.29129028320312,1115.25,430.25,529.75,2977119.0
2026-02-09,6964.81982421875,23238.669921875,69.04000091552734,64.36000061035156,5050.89990234375,96.81999969482422,4.197999954223633,60.5099983215332,96.3211669921875,1110.75,428.75,528.75,2976664.0
2026-02-10,6941.81005859375,23102.470703125,68.80000305175781,63.959999084472656,5003.7998046875,96.80000305175781,4.146999835968018,60.599998474121094,96.57012939453125,1122.5,428.75,528.25,3060606.0
2026-02-11,6941.47021484375,23066.470703125,69.4000015258789,64.62999725341797,5071.60009765625,96.83000183105469,4.171999931335449,61.560001373291016,96.58009338378906,1124.0,427.5,537.25,3017641.0
2026-02-12,6832.759765625,22597.150390625,67.5199966430664,62.84000015258789,4923.7001953125,96.93000030517578,4.104000091552734,60.86000061035156,96.8489761352539,1137.25,431.25,552.5,2851780.0
2026-02-13,6836.169921875,22546.669921875,67.75,62.88999938964844,5022.0,96.87999725341797,4.056000232696533,61.119998931884766,97.01827239990234,1133.0,431.75,548.75,2816128.0
2026-02-17,6843.22021484375,22578.380859375,67.41999816894531,62.33000183105469,4882.89990234375,97.16000366210938,4.052000045776367,60.869998931884766,97.21745300292969,1134.0,426.25,537.75,
2026-02-18,6881.31005859375,22753.630859375,70.3499984741211,65.19000244140625,4986.5,97.69999694824219,4.078999996185303,61.189998626708984,97.25729370117188,1133.5,427.0,547.0,2723175.0
2026-02-19,6861.89013671875,22682.73046875,71.66000366210938,66.43000030517578,4975.89990234375,97.93000030517578,4.074999809265137,61.040000915527344,97.14774322509766,1141.0,425.75,559.5,2839106.0
2026-02-20,6909.509765625,22886.0703125,71.76000213623047,66.38999938964844,5059.2998046875,97.80000305175781,4.085999965667725,62.34000015258789,97.24732971191406,1137.5,427.5,573.5,2873248.0
2026-02-23,6837.75,22627.26953125,71.48999786376953,66.30999755859375,5204.7001953125,97.69999694824219,4.0289998054504395,61.650001525878906,97.30708312988281,1134.25,427.5,569.5,2763059.0
2026-02-24,6890.06982421875,22863.6796875,70.7699966430664,65.62999725341797,5155.7998046875,97.87999725341797,4.0329999923706055,62.619998931884766,97.24732971191406,1139.5,427.75,567.5,2812414.0
2026-02-25,6946.1298828125,23152.080078125,70.8499984741211,65.41999816894531,5206.39990234375,97.69999694824219,4.047999858856201,63.310001373291016,97.33695220947266,1148.25,430.5,565.75,2799876.0
2026-02-26,6908.85986328125,22878.380859375,70.75,65.20999908447266,5176.5,97.79000091552734,4.017000198364258,62.709999084472656,97.27720642089844,1147.75,433.25,571.75,2754420.0
2026-02-27,6878.8798828125,22668.2109375,72.4800033569336,67.0199966430664,5230.5,97.61000061035156,3.9619998931884766,62.58000183105469,97.3270034790039,1157.25,438.75,591.25,2642106.0
2026-03-02,6881.6201171875,22748.859375,77.73999786376953,71.2300033569336,5294.39990234375,98.37999725341797,4.047999858856201,61.5,96.98999786376953,1150.0,433.25,574.5,2603094.0
2026-03-03,6816.6298828125,22516.689453125,81.4000015258789,74.55999755859375,5107.39990234375,99.05000305175781,4.056000232696533,58.41999816894531,96.55000305175781,1155.75,434.25,572.25,2597025.0
2026-03-04,6869.5,22807.48046875,81.4000015258789,74.66000366210938,5120.2001953125,98.7699966430664,4.079999923706055,59.04999923706055,96.87000274658203,1154.5,431.75,566.75,2579970.0
2026-03-05,6830.7099609375,22748.990234375,85.41000366210938,81.01000213623047,5065.2998046875,99.31999969482422,4.145999908447266,57.630001068115234,96.37999725341797,1163.75,441.5,582.75,2570733.0
2026-03-06,6740.02001953125,22387.6796875,92.69000244140625,90.9000015258789,5146.10009765625,98.98999786376953,4.132999897003174,57.31999969482422,95.75,1185.0,447.0,611.25,2626115.0
2026-03-09,6795.990234375,22695.94921875,98.95999908447266,94.7699966430664,5091.5,99.18000030517578,4.136000156402588,58.45000076293945,95.95999908447266,1180.5,437.5,598.0,2632795.0
2026-03-10,6781.47998046875,22697.099609375,87.80000305175781,83.44999694824219,5229.7001953125,98.83000183105469,4.136000156402588,58.68000030517578,95.94999694824219,1187.25,436.25,584.75,2700255.0
2026-03-11,6775.7998046875,22716.134765625,94.5999984741211,93.30999755859375,5167.10009765625,99.4010009765625,4.208000183105469,58.83000183105469,95.63999938964844,1223.75,463.0,600.25,2770634.75
